full_path,error
../reproducibility-notebooks/00/7d28b072e3c2811cfd0e31e16d69ac9b33cfc7/python/Python_Intro_1.ipynb,'cells'
../reproducibility-notebooks/00/eda4e9ef618cf4ed656f559bd427e080bbb78e/nst.ipynb,"{'data': {'image/jpeg': ['/9j/4AAQSkZJRgABAQEASABIAAD/7AARRHVja3kAAQAEAAAAHgAA/9sAQwADAgIDAgIDAwMDBAMD\nBAUIBQUEBAUKBwcGCAwKDAwLCgsLDQ4SEA0OEQ4LCxAWEBETFBUVFQwPFxgWFBgSFBUU/9sAQwED\nBAQFBAUJBQUJFA0LDRQUFBQUFBQUFBQUFBQUFBQUFBQUFBQUFBQUFBQUFBQUFBQUFBQUFBQUFBQU\nFBQUFBQU/8AAEQgBhAJsAwEiAAIRAQMRAf/EAB0AAQACAwEBAQEAAAAAAAAAAAADBgEEBQcICQL/\nxABdEAABAgMEBgMIDQcICAQHAAADAAQBBRMCBhEjBxQhMTNDEhVTIiQyNEFRY3MIQlJUYWJygoOS\no7HwFiVEkZOhs3GBosLD0dLTCRc1ZLLB4uPh8fLzGDZFVXSElP/EABsBAQEAAwEBAQAAAAAAAAAA\nAAADAQQFBgIH/8QALREBAAICAQMEAQIFBQAAAAAAAAIDBBMSATJCBRQiMyNSYREhMVFiJENygZH/\n2gAMAwEAAhEDEQA/APzQjHasYpHei7yRimKIgYpiiIGKhhHZvUyIIYx2b1NiiIGKhx2b1MiBimKI\ngYpiiIGKYoiBimKIgYpiiIGKYoiBimKJHcgRj8KmxWEQZxUB4x27VMoYblgfb3sKTlHIQ9Aluzne\n1tRgvtkT5zR8YL9eK+DfYmXmll1LqhfTV4CWta1IZTf9C9xvr7KiTs5FAdzgHnD7hay9ARk2F0Pi\nWuIo7FXvE8vAOUMtamMy6uadq8c2BiXlF/vZSXNuA1NC1eCzeJ/7wk9uLgi+ILw3oe3/AJuV/O5i\nY7uGUM54EcjqfEsctbssjLpG0oiEBl74IUFRyUlPkj5a0/cLaHqzr2bF5J3ODFG1sClgzbRQtxqe\nrt21ql9mvfdo7oy23LnkScNq8aFpiXlohy/owK6PWgQOW2xGtYkpjNDsRcctak3ag5S1Ni2t7tL/\nAGfN5ImxnVz7Oq+36tmMSk+1VwZ+zzua8CziRpemWkIakQpmlgg2vx+mIn9mvk2d3XcSuWSzvKrU\nD3wUJ+F0Pj8xcSszZGDFoGsbM6dYHFyx9AatXkTR1v0Hu77I25N5YhE2vlLwl7IrqLar9axZtq7D\nmBbccLBikHDeQVuMF+ZEylstZ4wbBh1c42N69OmL5ft1ZLr6Xr83FCzYyS8h27URssUMwYsv3BVt\n15iNmO/R0L1zszy/XitsL5z25frxXyFd72YD6Wy6WivhIW8H/FcOGWXgD4gLfMpr224Gn652kArO\nXMZuEU5cBq2JY872cFW37iFiOt6trrj3wX68U15x74L9eK0hGGbhmAYq3FllnXnHvgv14pF8498F\n+vFYRBPrrjty/XimuuO3L9eKgRZE0XrjDjl+vFQvLTh9+kF+vFIx2KZBzhS8lbjk+vFdeL5xv1gv\n14qCO5TINSbzNwAOW4L9eK8+nEZm9mNSuSkLz24r0ArOvBRGl46O/wCFBHI3rjq42By7/dxVYm71\n/wBY1RnJT+XFWsUuohOouqax0Ffaz54Z2dsQ5PR93FdybvXkRccv14rXDIxhd1F13jQZxU0FO6zJ\nRNnk1r5cV1ruPXcOeT68VL1GWqus0l2pIOJPWrh6bacn14rbkVp4EIBQOT68V26Q/gWKQ4+ZYGdY\ncn4rgv14oFwQP6QX68VjFZxVhPrzn3wX68U15z74L9eKgxTFBPrzn3wX68U15z74L9eKgxTFBPrz\nn3wX68U15z74L9eKgxRBPrzn3wX68U15z74L9eKgxRBPrzn3wX68ViL5z74L9eKhxWIxQZ15x74L\n9eKRfOPfBfrxWMUxRFnXnHvgv14qwXfeuNTt55eJH28fNBV6EV27vB7yt+sj5fggs9Fn4ax3okd6\nLTBERVBERAREQEREBERAREQEREBERAREjuQMUxUqIIkSG5EBI7kWIx2IJkiiYoMR2Qx+17JWGUXc\nJNHuqwDXYC4jn+utK70qbPD6w9O3C2HlZ3NXbeTKAIGADAIuEMsQVFpZFmtWut1pdMG9oIbGB4is\ndjzej7dJnPX705imenMPsvRrtXG0OTq8xmRRihSL/EXsF0tAz+VwDB7LqzQXjAsctcSzIdyvEeKy\n+Xu2QQueM/cBKIdb3uuj0pxW1Aj1/SFHhYkp1F9CTLQ7Bg7C6dD1JqPNsRDHl2/adNTzHRA5M9CI\nfecSBzGps3560/cNz2750kz15LDwdCic01J+lQ4oh9nYXIdzZ49gYQjnC7HSpCDzSVCd3b+xX0Dd\nzRbQm5YuBZTXKqm8g/D/ALNcR1ofHK3Zg6meDTWyNCdpTKTuFb3CNlDypley1SA2DwY1BC+e2JYs\nfw1qTI9h8BnFzE5ilDVIXh+GrzePRbMJPK4vmzODwr4pRUjRyx/+sanmejA7No+JbFrpS09XL5/a\nfwyKuxqa3mpZlrkdXhGhSNSH6EYh/wBTV1qSibOAlpNgYEEEohhNwxZnd9D6BXa9N1Ydcs6catTh\nCZ8ofaLnO9HbsJWT3UoCacIYg8T5abDW3Jxe+M5u0Fk5PWcts0nDFl5fgWOhl/2qr1li2fu42ZeU\n8Xw3dUEAwpkH6S2pnVzHgAmK2g/pOTUj5FMnzLfgVFxJxLnbN53EG4Q9kyzIdx8lWrsR1vqbRn7J\n15cCIpLpHzRuTbZ6GoQnQ9pW7RfVV07zSy+EpDNZUXW2JOavypdTaEAs2zgOFPiVj/0OgvWtC/sg\nJ5ofmAhwLWueR2OvKzcv3dFdGi9zrK36JYpitC7V6pTe6UhmshmQJjKicN2y8q6nkXSSRYpGOxTI\ngLEdyysR3IJkREBEWIx2IM7E2KVEEWKYqVEEWMFiOCmRARIR2JiqgiYpisgiYpigImKYoChofB+9\nTYpigKHyKZQ47EEyJimKBgodimxTFBFDcrDd3xK36yP3QVdx2KxXdB3lb2cyPl+CCl0H4XR3okd6\nh2YKImREQQ7MFMiICIiAiIqgiIgIiKQIiKoIiICR3IiCVQwwSMNimQRYpipUQQxjsUyIgwu3di7E\nwvY7i2bRyuYXzKG7N3nE+dnG2Cc1INUi9nu/d0chcHcxZ6p1aIeaeoMYiU/irTssVrr+avzhiMAQ\nyF0I8hg2FVHXzBOSfIsL0nQhoFeTMjOdTGuETnhjegy//cXQ0YXDeX+vF1s8FhHAZRl8tP8AzF9j\nXJu+zlwolLnCHvF6Redvs2zenwMTzmnuro/aS4dqLcUapfGCnjmK6O7sgDLg0hcLiFXQukKJjGK5\n4y6s7K36u1YfFUeHwd553BtYbvdaC4jCPCxgua7uyzK8qZAaXYqwFa8BZpFw/SP1rktnWr4bhNDP\nQEpVoi4faLDvR6wL4qIFYX7TiK10iUeNRWK1FNift4KXN9G8seiOKlWp5o9vpFypvoxaToR25BUh\n+hBmfPXohjLVMsbJse3g8qDoslF3qwmMsBDJ3UBkIq+70Py+BzZNYxOafiRXtWNg8Fqu5dE/wrOy\nZ7eD55nmg6TGZnbNjQDDcQv+NePTzRu4kzsw3zPUolyhlCAfDt+3r8vhr68mDX0/0vMVQnUp1wJh\nkDW5qrXkTalmPB8k3h0Yszx15vk48StmVemvP4Sk8rmXVr0NGPtKPNX1XO7m1xGK22l5g+1Xj15r\nvuAFASGTq1T6LLXRovcPLxHC0LaWJvonva0dtZidpLSu+/2uFRu7B6ntF+l8hn8rvhKRTWUzIEyY\nOY4CdB8q/KizIutAPNV2uhwLT/3ofZr2r2Jmmo+jO94pFOXlG7kyynBTcsnIXo8ex52yt9+Jiluz\nEdqNuxCJB244WCRUy6KSJFiEdiRjsQI4KZEQI7lKoo7lKgIiICIiAiJigIiYoCIiAiIgIiICIiBD\nciQjsTFVCG5EhuRSBERAViu94lb9ZH7oKuqxXe8St+sj90FnoPwojvRRRhtWI4KImREQETFQYwQT\noodiRwQTImKYoCIiAiIgIiICIiAiIqhHcpVEsRhsQTJHciR3IMbkr0M3skWzJpdCZzVoyHGtVKo2\nPmt9D6G7hjY3c1xyLq1+8D1pUD5GlgfQ/iK3xkbe8BQy3PxczEYRC+SPu1ebqSR7LLviZUdbK5Hi\nNoD9Gse3W7cySdS2TOHFAxRVBWOZ8tcLLsd7Er+cXpmj27LOXS4LZtGi0GvT5cLWA1KP7BUu6TsY\nWgedV4ZVZGk3JW+Hslw9j1utZWpSBCYmFGrylMZ3WiHYuIzdjzqS261fhh+iUbLG3XW2sw5stS9W\nk+lWWm5dWIPg/etRlz9UKoTC9Cusapk0kMKuHNPsRjm5Wp7aS5xWisPrVqGaVvW8tDYrVHGH/ioX\nfi67bxpQXPdi2oyqsyiqpMRV/Wq6u+AqrNw51VZYsU6YNM7zqjXyuwN4KBB+qXpMxDm+iVamweMJ\nbVfe1LOx8nXnu84HMQEibGNb7Rcq8ghCZHFHCoUNUZI8L447a9xvxd2w9NVEH1ipZbuxnUtmQmoY\n1BhEUY/RiIvRY9jyOXX83017DXSmSfXcPdCYPKszlIRuwFMfMI0tf5K+iaGzd+9fnJocnDi7WlG7\nc9w6uMQrY30dToW1+kdqz0LUYeaOC7ldjiIUWIR2LOKuCJisRjsQIx2KZEQEREBESMdiBGOxTIiC\nDHYp0RBDCOxMVMiCFEhHYmKAmKRjsUyCFYofB+9ZhHYsRwQTosUPg/esoIYR2JipkQQ4pipkQQ4q\nxXd8St+sj90Fw1YbveJW/WR+6Cz0H4PR8qlUUd6xsURMkVDsRBMihwTBa4Q3LKLEY7EDYmxS0ifD\n+pMceKgi2YKZIItgEREBEUOzBBMiIgIiKoIiIGCYImKDGCv+hWRknV82hMe9W8MwqowmZHxwtRhr\nGKvfPY3S1rGE2KazF2zZ99OyxhvPTyQfetPI7FId76DlU9ieZHlzbJdFNScUeVYpjVmmWryui2ZV\n4NBdsqJo7xfTczkufFzmuH/pPcf2auEx4oaXa8heXy3qcCt6Bd4v5tCPlFDmKwCMSJgjKfK5aqkk\nNRjEv0SuIg1hRhzVxHqG+LPguqLtay4rTabjesXaFGsDL3rA6zQ2cEX0q3wmJhV7VazSIwRqc3hL\naCGuiFjbiD8YoYKhzAfSrbCbm8BWTc8vZIsO6WCmDTxRTY55RV1xHeTxVYCm9OuLMQ4Bh5FErVmY\nBGBVp0EcPUqyzAVb9iq+8Fjxf2qNxWpiLJVPngezV7mOeI2cqTPA0OF2KtR9jn39ioTCXa7Gr+Ki\n84BKRBnEJmPlGIJw2/SfmL1EvCMX+CvNJ69cMZsF+M2c1LV9JTXcrecvrVe+MuPLXsvtjzxEsxKO\nvyuh7RfpBd2BCyCUkLDApJe3KT9mvhm+lkphNGjmhAIjDgQvMF7ewRfVPsbb5kvnozZ67kOpdUbe\ntB7RdzEscO96iiYpiuk1BERAREQERECO5TKFMEEyKGMNimQEREBERAREQEREBERBjBZWKHwfvWUB\nERAREQFYbveJW/WR+6CrysN3vErfrI/dBZ6D8Ho70SO9FogiIgIiIMR3LaaeMLWUgi0EHbC0GtSY\nixQU3ULx3W/8VOsa0NyJDci3AREQEUMIbEjDYgmREQEREBERAjuUsdyijuUsUEoHZAhMMeTAv6V6\nP29hen3Fnv5JaMn1qwGLR0921hfE8Cx9ovKl6foxkVudMwtuMJuXWSdnTsd3bWlkdi1D6c0TMhsb\nus4PYd9QjhSN2itRTVoBpZNI2Wq3ccRH1oJXVA0Y5pO1L0/aKx1s3fRNlZS8nlvZYC7yTPDmZytU\nvMOjEYzVlUJTvy+YrLKKgKPolzXdWsQeb9kuq07IWTVXPaByQkXQzOKg6ojUQLbCbslzw9p9kugG\nMDxq70EuAlKHj1Vz8yP9opmjwhjGjyhKyGtKaOz9SH35SGqUYUkB6FE3PLU+iXKdm3Ul2neRm+Vc\nV2EZzKLbV+Y9PJXEmGyPYFVldioemVadB42Gd2aCsuwjomFhxFUJ5vpq4O6dZU+ehIeBlahC9VYG\noVuyEvM72s8S6wLPEXKpL0x5GhEy85vxC2fBqXxSjSpB/oLrVvPX9jniB+UUon7kJq79lLi6uP8A\n4P4a+u/YvS9sLQ5J5kLdMqrsi+OZEzcP2gCx296EETl1V9gexLmJHuhtkPs5i5EMRuVmLu4jzt72\ndFjFMV12oihHYmKlxTFBFimKmWMUEWKYqZEEOKYqZEEMY7FMiICIiAiLGKDKIsRjsQMUxUyIIY7l\nLR/GKihHYkcECGCYqZEEOKYqZEEOKYqZEEOKsV3fErfrI/dBcNWK7viVv1kfugs9B+DEd6JHei0Q\nREQFjFI7lMgg2LKmUMNqTmCmUMVMp1hDcihhhgmC3BMihwTBAhuSMdiR3KZAREQEREBERAWIw2LK\nxGOxBKKnCGJQ1sF9IaIWreQXWOPU9dfvRd79n6hfNtmJIWxxFklq5a+xNHUq73cOSnrClp+KfLzL\nZemubltvE71uuPAlHVhRxELiOlZdcxmNLcEof7RV+RFGeYwZUcTeNN6PN6fh9NWvVddmcsLjiKtx\nf6C8ve9niV/BZpSbJVllOcYIlTpd3kTV1e5IFc50lmacldX1S54qfbroRhs3ZRUfOxKIw63q11om\nyqv0qr5sldCXFwCZW1pbHQ4wao1qS/IeG9TmftFty2nARqXKXOlpq0yeeipCSys2O5Au0y0xZ8PR\nLJSjDREooFGHDejLExNhl9lmriG4JiLJZtGtAVaitUr8HkLFNbHuGC8L1qqk3EQ5V1nd4ABAYeET\nBF8C5QZ4zNWqczhprNiszAVGPA53CVJdF113AW/s16PO9gtZjDKXmdmBOsoC5qtWjfYr8wjXgaly\n1RbwtG0ZwygU9Bo58YKDMpe7J+zXoDqOJlRNIcaLQJBekqf1Ft1udZ2K/LZn387jHV4UzE6EOWX0\nC+mvYXOyPNGMxFjRK2mBBZ6+ZbovYt3gSwjWqcQRuVl+Gvqv2K7Pqu7k+aj4UJjgRdzD73nb3uKK\nHZgpl3XPEREEOOxTIiCGEdiYqZEEOKYqZMUESximOxTIIcUxUyIIYx2KZEQQ47FMmKYoCIiAiIgI\nmKYoCYrEY7FMgiRYhHYs4oCsN3fErfrI/dBV2MditN3PEbfrI/dBZ6MPwSjvRI70WiyIiICxGCyi\nDGHwIiKesEjgofIplXWJlDDcmCYq4yiIgxHcplEsRhsQTIiICIiAiIgR3KWO5RR3L+7QoELGMc4k\nMuxH49rwECxUAS0Tg0ocX6RfbtxJiD/V0024Oi5tXl9wqto99gO/n11pZN53ejq2aOB1W8poVLA/\nl21eLq6PJhcmIJU9oOxRjmOuGMvQH4fQ5a4ORkQs+HJ3MfEurhznF0Jeeu7C6L3nrPfY6Px1dWvi\nUanCEEf8RUNmHvtkUYKOSr5L41mmadeYs73p8fsdGMLHXJyYbeKQi7Qr0NAd7NjODFLzQry690wt\nyyYhZRNRE54i6F12cwMbKgAMVUsmvk2vkSTUauvFFzKPKVTJpYd2jVGzvOjwxQ/wKwiuOeZZhJng\nkx0QM3wc1kCoXyf+lWr4NSzmrIvZGvNbi3JQq8wRl6jd7SQzmTRn/vMS1C+kXlxdCw9cqVwZWVnA\nWm1ulN7ml75DAw6uW65azwgjXzfQ8unZKMBeqW3d0xM0heYb/gXn8qd2zGFSNlFpL0WUi2gpKNjo\n1orxOtSgEnZGXKmF5hhFAo938VYvZgDDsl5feh24eGC3ZZJS81VrSsVq/t954EBdXgcNTlMswn11\n59G+95jBpzKBngicOj3tS+evYWejVmC0AkxNrhSLcb3KkwoatbIyl1Th1Tf4lb4NPhN5PKHT/JwA\n+NzSFMfNVsaTy3wnJ6zDmUAEqCXqku0dSmLOmMVt5AnxY/8AGuPNrpWZYEAh4wFxVGa1cJqG7vPQ\nZ7YHMIfD5n11yjTAZjhcDNm1qRFi8EoGyCYjbJ7QXaqtSIxDZfB2VRpWzY6rs1d4bOrVaVNVW/Ai\nHyvQ8LifLVriLPCQvbFXEvYegCqL1X1latifYogmusBC9FlOo8MXLL8RfW3sbZdRus8eh1iOsU6f\nrBDXy/MdXZyjUSbSjNrRCL2DR3eaZzS58sZNnkJfJhhq0meXVJ25ra61dmr5uHZRPJnwg+oI7I4I\nvJNHWkq2ymIJS8mfW7AhstzDiNV63u2R3rr498LYOdfRPGnwmyiJitxqCJisRjsQZxWKHwfvUyII\ncdimREEMIrOKlRBFimKlRBFisRjsUyICIiCGEdizipUQRYrEY7FMiAiIgIiICIiArHdzxG36yP3Q\nVcVju54jb9ZH7oLPRjq/BKO9EjHasYrRZZREQEREBERBiCysQWVsDEdymUSxggQ3LKIgLEdyyiCV\nFDHBTICIiAiIgwrroWkY7y6XbnS0uaIsxHUF8nu1Sl7v7CSSdfeyFk5KNYcuaOXVv9n3C175/jk2\n8evbdXD+/V9ejm59Gk3iVyY5ZE+NqrgRv0bp+ASwptJhiu9UnTOAHgyB1UlDi8TuFZdId2BvJaYf\nG1kNInz15/I5I7u+J5IHpjwELv8AYF4mZ7heNhw583uL+fDW1XrPqqZiILVzFFxBB4as0vESEyCT\n9Fo5guX3a4jQLli7pPQam75bVWtqHyiUbO8o7FIvxLvzizE5jzqpSBW490k3YuDLYzKdvQMvcDPm\nEJ8iwrhea7sZzdwxBV9ZGLLXjF29GTi/N6AvpozrNmWUOtm5iV2JTXGZeyHn8Lqmn93bjgBK83V3\nN4D06vD6GSL/ADFSzaedJcyePbBZ+yl0AiGWYDlkpbk1CqToB4/d8Ts+WvXxaDhmk55aJ4eLFzVC\nRr5/b9wusw9jPcsbgEymYNcfiNluj8Sn/Zrc/C07K8nn8Hmd1dJ2kNhKzvb0hBNpW2KVq8fMwcLL\n7i2vaJVedreOUVnQIlaOeGbzqBjciUSsUGbXvOw5NVcDBzfl9ourdrRHde77gEykgH0tdl8YGA9Q\nZfj9C0o2WQ8G3XXP/cc+TyjqyYhpeLcteoXdaDOGoTlcNefOzaxZZDJQpDhllV8kkxyuMtSyxuV1\nq/fenSNyV5SzNQdmcufVDXqN6zYBLUVOlIga1LSOQxMIRcwX0RErsLK1OvdfS3JGOrxCYxCByxHj\nSFH+uqbP9F8smej2dTqbPCz6ekgMI4nqU2wLZO7sWLHyF9SmYSVvNDviS5iWYOY0taNFamu2mRoD\npRMPhUjhGuhXe1LKNsHwHOLgsGk9aNmMvtsxVnIrey2MbYFgYysj2DVu+CVCGyv93V6u8afSC5Uz\nmUovi9K5jMnOpsZyfXWz8dToe24a+p72sZdM2lUQw1fUrzmYSRoGNNs0j6oIFbZX+lzq8Sf6nkl3\ndKpLzGNLpyzPJ5oPiCMDL+YutKAjC8eE43NGJYnkgsGmNUYqLrtVZpfd3qtmEUAggWjxVFt6/m5I\nA1g1Vxbwx45ONTp5XyF33YoBNlcJcueBoNDVVmtmxWbUuHeAs0lpcaLkPP5tXu6i9GbS4cul4pc3\nDljEPXHX9RV+5V1xhNJZjW75zKcTcOn2dtW9jTjIS5J6hahSJfYjiV9ztyuUDmzKNkdAJYhojo/0\nF7jJJl1rKWboW4wsfqrxPRsYr2TZvGor1a5uU0etuVWqj9WVdf02z5x/fo0/VqPw7P7LBjsUyQRe\nieXEREZEREBERAREQEREBERARExQETFMUBExRATFI7lMghxTFTIghxTFTIghxVju5HvG36yP3QXC\nVju54jb9ZH7oLPRh+Bkd6JHei5jLENyysQ3LKqCxikdymQRIsQ3JHcgQimKmTFbAiRYhHYmKDKxi\nkY7FMgiWI7khuWUEqKHBNiCZFDHBTICR3IkdyDC+oP8AR2QBHThOBk4v5Okp/wD9IF8vr1D2N+kT\n/VbpuurPCliJhbLqLvD3uXuVpZH1ybeJZryq5/u/TS+UcWMsGLmwXBvozBalEXHCft836P26tUzb\n2HMzlDQvgWzYWCKa9lzW8yGYZeFivDw736Tl1/ofPJZ2M03q1qwi5tX5fdq1SM1YrMooZRF5/NLr\nfkdeIrHtM2lDlKy3ZeEeswlJku4l4QeztkVr3PrewtWbelmZpfOtUzUgnmsjjSFyxBAtSXmI3e5Z\nvRDXaDrhg0iB+lWlzbWtqNJvbDxV1gzAdHMNxFLLpSM2aQOwXDXVaXXbm4ofWK9fA1uIIzcpuDWp\ncNdcFRlGBCZOHDErA0kbRnyVXrzmsGeBG25SWPpWS9+Ogto8LmFVxaM6LQAhqstP9o5W7hK1iDCi\nocFVUvMFwdlBVmUlHViPm4Zau87aExNzlTgy0Zy4D2uhrIvhpcSZtY6sai6FxFWHc3PJihbTFnQ7\nOC7d2JjjRiQ36lZ5tL2k/Z5kaytWKJMpqweR4FEqrMxd2DZTdWp3cGVggDjhEhrmS8PDCs7IIa3l\n/wCTDx67CT9ouiUOpHpwVwI01Ph5wuYqdO+BUUNi2vXBVLxUwFqcoa4sxpmyu0XQncBxyiwyiLiB\nNs7ZdbHci9tSQrg7wIx8aNVqP569Xjd3XWtMXFGL9qqTowaM3syeVPo/WL1a7YR64ASzZ+SCWOqe\njXvKYzJlDl1cperXdD349hyqIxLy67jPHSBN4cqNJer3eMOLI3+8l+zVvTfuj+x6tZ/pf+Ttw3Ii\nL2bw4iIgIiICIiAiJigIiICJikY7ECMdimREBERAUMI7FgpaCj1v8YoJYx2KZamt/jFOshedBtou\nd1iLBOt7HmQdFFyITYfmWevR+aKDrKx3c8Rt+sj90FRuvBx8kVYru3jsQZW/WR+6Cz0H4OxhvUuC\njjvWIw2LRYTIiIyLGCyiAsR3LKxHcgmREQQw3LKxDcsoMR3KZRLEYbECEdiYqaCLYEMY7FMmKYoC\nh2YKZEBIpisIM4L+bVm3bsxsx2wjCpYL8lf0sRWuP030N33c6V9AEkmInjjriVCHE5owzK4ONFe6\nWJsOZyIT0WwJRDwXwT/o/dInVV5J/dG3CsM4etGYjdoLw7Hz7C+2rpSe1JJjMpYQ1aQw75Z+rte0\n+YvG5dGq6T9Dw79lEZvJtOIRvr6hIMID1GmYuHcF5GJafGXb0+MyCvozK22tRBzPRdMiql3mdsN5\nKo/FSrU8FvN7NKQ0DHJRoq1SgI62aatFU+UPBAZhKQytcvLQx9KotvmsrQIzcLhD5q6AadH0K5Qj\nYxN2vL7NTa3nh+0WWUrsrg8aW/tFSXTyFY1POproXhvPQBTbcXhKPrFoG7ZhCDmcwqrrQsb90pcP\nU6jkNZ0TNqqzapkqqSSa2ICDEcKH8yu0tdtzCAIhgUhcpVZVl1nhhh6oa85mxiCm4dW5mUvRp2Ww\nGEMcaS80nk2sRm7POjxVnWys13Ya8am5ySC4atTN4QOWVeSXkvDqTsTkZqJuWvR5JPNcax1jI7Mi\njZWpsd/LMHtqq57sX+UpawwcNRPIftVDWc1Zm4a1YdHGnzVSp3CizMMgcpXWavIHEXklXnM1K41K\nBScKjmL6rrLLFFvEYcFoBCMAVtOjVnkFqFNQFCqu3W89Y6ujubjlhiuXXbEEvRrlTsj0TxwTlrz/\nAEdhAZ5ScxwFuIrrMpcOM4CyZ95jeh749WtSxt1tq7sYQbzOZQ3PYZfq7C9BlMNSiEXZKtS9rXeM\n5c3DlNs0nq1cDS4gYru+k1/CU3C9Zs+ca/8At0DTFOsMhcnMoKYIiYr0TzzaDNxHhuUxpvQXJKIn\nYoFmTIqBQdE02JBdCXGIYOauJqn8i7cn4UUG2iQ3JGOxAjHYpkRBDCOxIx2KZEBERAREQEWI7khw\nzoK9Ny5u5asTQ/EFibwzYLLTOxVRLWh+IKE3TXW6uU3V0FJFWTdNahjW1a+qvxgouo/Q/vVdgqhj\nE7dahTW+3Vw/J/8AGKfkz8ZNkB5+YtvtoLqSczjV7eBvbx+6CtH5MR7Fdq710LFplbyeZH7oLPSx\njg/DaO9YjHYkY71MuYsIiIyIiICxHcsoglRQ4JggQ3LKIgLEY7EjuUyBBIrCK4yihhDYkYbFATQS\nKwiuMoiKAJHciR3ILfohv+TRZpJu7ecXDYuugeHnBa7i3/zX62yuaDt2ZdabmrNTioty+jtd0vxi\n37+Cv0h9hbfl/f7QgK1MS1Xt3XmojJ2o7A+nY/iLiepV+b0PpN/dQ7GmtoI94pa5c/pIfpO4XMl+\nTMolxrCFlVVb9OMoIx6heEr0tbK1JR+MPpqqiFicLmOcUXE+evOvRLVLnfKEf+0Vrl8xHHH0v8Re\nfygxAvAVeET+Iu/LpvRyihRd6FGYx4ueq9eK85GQNv0a55JhQFV3x5i511pdbn7vXXHiDbxf0qqx\nsdEMnmE7lDy3+lOdlj1ntF5zNdIZ7DJ4zIHvkeU4Fxcz4lhezRpnNTjy+HylRL56O2d55lB7YZAO\nXmFoZlRWrRnzeUSXSye68w1abMnsmHxRkegy/wBtZyRr2hrpNZla1Bu9uO5eZzu6ZJUy1a2HWxlp\niII3DKuT+QzIGImMzfNJfWzGwD5fzFt64NTZNcL0aWhMMKxjkKXhtWfjJfkWFVXjudlZ9avnjCTi\nKbLYvcxwX5dtduW3ZZyUJyMQgAUvNg4qEL8+0pQS8cO+SZ3KpQzB1E1mybky8p7zuhD2Gl481w6h\nw/kWF7PLz4tQlH5eUvP2sSxoDjHE3wq6yk1BnTKtSxuVrK0mxOH2qO3fNibYJVoxKJqQuZwyoV3Q\nj2BSKKzbnjvAO01HtF59O5jXqjHwu1XQmE2Jnc7lEKqo7eV6xVmtGxwHe5RQqHDSUsx3HUTw2fV5\nS6LnOpc0oxFeticUoV6CI2L1m95RRUlT7lyPrK7hXojd8tnZNXr+rV6uu0/KAEmY8FoMPfHzfDUa\n69s+Da2QqhKf9lwuCIYQmmTniuTYjrdmrjCAzBwVUeRIEwY2MkcdtJdXWu86XNXssevVDg8PkX7b\nOboBi3OZbmpiVYlxiRLVIbKXW63xNSV0nR1MSamJc403Uopgg3NTEpAioLnmm4wnTrfJQdDHYp1y\net/xisdbj8yDrouR1uPzLPW34xQdZYXJ63+H96mNNx0dqDoouT1t+MVjrfN3IOui4TybEXRlxqwa\nqDbjuQ2/9SIXg/zIKdNuJBTSnixWpN/HIKWScUKt4IrjHgIsoorMUPg/eplDHBD+VBCYwwAWqabD\nioZi83REq8YJIQWKxYAzasbcrvdY35ut4dpH7oLz6Uy/eVej3XD+brfrI/dBfXRF+BUd6JHei0Vh\nERAREQEREBERAREQFiMNiyiCVFDgmCBDckdyysR3IJkREBERBhESKuC+hvYb6abGje88ykUxNqct\nn1Mo3RocJ2L/ABr55UOEI74Y+cnMWnfXthwVos1T2P1C0o6RZbeSWy6VWCRg6I71oeMFzZTCuKIu\nMUebkr4M0LzcwdK11jPJhALWDvV4unkCOBw6djDodD+dfdt19ToAFzYdif8A4F5jLo9s9bh3+5WE\nQq+Ln8fHVgaiHDM3CEufEQ+FwfRLtykNDKh4qRc52GnPQ4Mgj98GpLrjMNmMLfsspbV4pePq2WOR\ncso81cqYwGGjApsrtFVGx0GZXADQqdsLgLaDxodt2oVVYXxljXxkoDBLzcFkOlOWhPlgwN/Is/x/\nxOCyElQ5nujWCVVSY3axMenHN9Opo6YGmAS0ThELiF4n/Cu3+XF2Jkel1lqZSdtUEtuuetidGxWu\nqnEQ5vbZa1ItHmcUofRDyF0J5f2USYJhjNGYl5dEH9dVn/Wa0w2Ao/yJs/xPbrAGXRAEJYcVSlIO\nWBgIQMn0B6hFX/8AWRIynDVgBC3hlczoasZSma59HVezEnVhyl4o80a60REeS4TmvxBfaKtMw9Fm\naIzYVF6BIpTQuszq5JRqM2a3n82aUa1JVR5UB6HtCq63hydcKXO9EqoWXEAz+1IlZY4DsJOaue7q\n4fCurMDUcoed2i4kDEMY1WhwVtNLzWu45X7GXZYT6qQ3IBUzF7BccPVjM9QNEhM0n+WqJo7FqVz5\nZU9KVXto7oL0WPRCv8jzOXfOz4fusHFUoQkgdRy4wzrtNAjguw5zn6oQIMpDBIc3BXa1QZ1N1aLz\nIOI0aYcVHjShwl2gtBqYzQcEFaNEiBCSNdWDq0XmWo8lyDlO4V+EoQhJkLqtJRnLoxlwkRcSDQlY\nCl1TJ4K7mpiTU/xgizh0u9DdqueIJOarZqYlDCWjw3IOIdmpQtOOu4GWjSkP4EFepZy7cv8AEoqb\nUxKUIaCCZQl4P8ybMEd8BBRJqbvuC27u8YC5M2N32urdjiK3gl5rksRjsSMVMoqi5zt3QUrt3RVf\nK7rGQC58FK0l1c3mRmGvBdto0ooJhCGFWm7fiNv1kfugq4rHdzxG36yP3QWeg/AeO9EjvRaIIiIC\nIiAiIgIiICIiAiIgIiICxHcsrEdyCZERBhERXGURQwhsUBLgoj+VIQRbAllswjLX7Z5CGMWbkbn6\npPbr9EruzvrqzbetgApEjEo6PK6fd01+cRYV8r7Vfa+ge8je8lyJE4iFvF0xFqtseWITWFnuMe79\nuuD6lX8Obuek2a7OD6PlJddZ4c1dqXcnk51WkZUS7ExFQAWtRFwla4uyQh2PZrzD070AIRzmUasX\n9kqJe26xHzMzUZqPZq13dmO2mLmJPGg24f7JKyb5vm2jY87MZ02n0D1alQeUXMXJl2hKdmDSI7OE\ntUVMgDUsv5C9rm902/jzfJLzKJ1zhNDsgUyA25tOAT1Mxbdd7NdCjS7Q3P4TIxW95KIhhqkGbmj8\nBdsuh+9jIGWZiXJzBZiukpZQCY8K2SXm+jsKzCI5cHq4ZxeaZV3uhrg8kDogm52dRw8Yi4hdVCeq\nTuPDGuVMdEjQOYSu8jRE6GWu5H8S3Y7i2vcXhrD4PGAF1mf0xqvTKTiMGkXhDyvr92s72dEHjU20\neSsBzajXZ1OHRfucr6y1Gt0iSYGbMn2BPfuZ9Tor1uEjIcHBrCQV3WYc0gaxVGy9qWQg5OjG65zT\nI+u4Y8sXFIvbJsIbOXhGLlx4qql3nkQvAkbRzuFwFtXynkANDZwMpan2sV/jeaTwtWYGH6XMX9FC\nTExaG1QSiGuziECcLikSYTEhtcLRoteX6VVQUmbm2Gz1oY5Jic3sl0HQaxgCF9GJc57HvE4xcUkF\nudPFq9bO565dj/5clvqV1RGzlqsA6lL2jbyDEMS2gL1tbxlnesEpL8CtcuKqTLtytcuV0lgD5P51\nNGGxQh/vU0dyqJkREBYWUUhjKTBZRAWMFlEBFjFZVRjBZWMUxQZWIw2JikY7EEy1HficFtrTf+Jw\nQedTY35xgu1dndFVqeG/OJlZrpclVs7EvNdlAUtGKzhiq/PJvyxwUa1UMwmNbKEtRpGtBc8RiGVm\nlMvxjUVvrRdCXNKHFXRWAeRZhuUlhWO7niNv1kfugq4rHdzxG36yP3QWeg/AeO9EjvRaIIiICIiA\niIgIiICIiAiIgIiICIsYoGCRhsWUQSoodibEEyhhuTBZQYgofIplD5FsAvbfY13sHLHsxlL8uEuF\n+c7Ea2BN3Qt9BeJRXWuxeJxdK8bObMco7Yvd+kse3WlkV7YcFaLNU4zfoLdiYFAc+Js6Bu+ezF6S\n2rqEmUGDYtYuZUEvC7o3jYPmsudt4PtWttIum8DAp1ekvWpe6ia1tzilp06Px15KyvVN7OuzbBer\nsXiJViMuSrW7NWCEos6kHM+evIwvCMyM3LUx+yEvQZTMIHjEZM4ROatSxt1sGeEA71ajlUeKp3gx\ngEYtGtSNVW08EXCJPQrNElc5eNH/ABqS7mhlozgwFtEQI1uBk431aIjHpcsqlxxiEtHh8NYaBeGh\nwdpFtMfNoO5GM+Vhm8sQOGoi1JYcA4BwKTh9mu1MRHDlUclatJ4biUNb7VVPm5zMMM4sArnzE1A2\nWFWYzQn/AHVzzNW7J4zITOziZS1WSXM6LQBK3pVSr7zwlCA/tVdps6GzlxvLyhrxKZO7cynhol4W\nCV1o2LZdgPeZnJOLRzBLVnZqEcRQ9KutEHVjWlwdtFUKdu9mIlteaHg1TQwNxvpVp2qestBx2Qqj\nCT55FHhWNlcIS1TOyBMZy2yCsg1Ruuy9wt2vvi1LOyT6BcB75j/KseRUC4OlQF56Leaw6tmnLKDh\nlV/EDDyL03R5J1ZduVwl4cmKrUoErXLwrYSdUP8Aepo7lCGO5TRjsVRMiIgIixHcpBisqVQw3IMr\nEdyysRjsQTKHyKZQ47FUTIiICIiAtSbeJwW2tSbeJwWR5HPDfnEyuNzN8f51SZsb84mVruY7GFbM\n+xpw+xcJjUpZaqhZScxqpVa+sW501wHm/ctVuOJLpGQBs1WZoEQQ0lD1i3WeshedBtotTXBKXXBI\nJlY7ueI2/WR+6Cq2uCVju49FqNv1kfugs9B+Bsd6JHei0QREQEREBERAREQEREBERAREQYjuUyiW\nMECG5I7llEEqKHBMECG5ZREBQw3KZQw3IGCYIkdyD2DQNed5YFMpCKjGxazQDiDGMY2l9KaO7zje\nywNGFGBTEFDA/FJ4djoL5B0NuhRv0FkSGVMhEYZPu7fgL04TqbXIvTCWuIYt4w1poSGXEo/cWLfM\nIvPZcPnwehxJ/wAKeb62qjmoQuWpsYD8vLKu1I5uR8CtDKFy14rdrSG3mjQ+svARK55rJuTK+urU\n1vQ3aPYunOGrEzRug8r5a52t1q7Hu0udjMHtoC4i6rQNYweSLsl5/d+8NgoQlGarEnNV2aOq0adD\nh81ajpV2N8rQcTUhnW20ESPD5qiCWxiAXNKpWjuiDjfRIuTEZMe+TrlUs4It/pV23juL3imiucYo\n4g7amjGyBlxjmftVyphjGJqecUeappjMNuWA5qSr8wm1EUCdr6dNaNliqXxm1vEHqqqp112daY6w\nTOEINUnz1NeeeOXcx1IeRVyiC+Wug0izk0oy4bBdstrwc7Z8yeTAnCHvoqizZ3garyeEt+dzutCl\nyuYUKp7t2SaFqi4bf7VZrWm2zPIStmaPGJDKsUDqYgdRlRanFEIhSestjWpLhkmcyC5hXpCNSZi9\nIsXyeCZy2mI9bJL0/lq3nFjX8JPPqlsLEDiMDx1YAuPxBfIXvuhvSmOchDJZ0XF0PxNybm/EXz8z\nmDechO3FCiUXjAltWmVto7jBuaAqdPEq9PXY8PZ3vvaXhwxhHerM0DvXh+grSQS8DMMumMMCcIZV\n700CtytJuBipkRWBERSBERBjBZWMUjHYgRjsUyIgIiICIiqCIiAudPMhmuitOYs9cDSWR4pNi/nd\n4pmkwcB4St7u4NYpiUeIkbhY8lbWyDT4WK+GeOO2U3XbjtoKwfkR6H96fkn8P705wWcoM1cdspQz\nZx2y6v5J48hPyZ+MpDVDNnCl6wceZbf5L21j8nSIIusbfbRVmu/MywZ2/WR+6C4nUhPPBWe70hxZ\nW9nMj90Fnp/UfhfHeiR3ouWsIiICIiAiIgIiICIiAiIgIiICIiAiIgIiICIiCGENiJDciAocNimU\nPkQdW7UxjJb0SiZQ3tnQzfaL7Hnt3Gd/bvRkzmhgKNRoTsiL4i2YHx3L680ezeYP7lyfXYni/iIY\nv8C5Of4zdv02fdW84Cab3cmJm7nh1aRPme4Xpl3r29dNDS16auMlPVxZlRNId2BzqXBm7YPfQ+OI\nPZqiS92M4AtohPEI+VzFqfYvrnU9luzew905kdk4ed4l8XdA/wCBe13Z0hNHoYjIXi81fKjObkOL\nUngcoRu4dA5Q12pRMHDM1SXPNcFRokEbKpKOtWFk6n2FGdAo5cKwvtFD+U4wwPShlCXzzL9IcKIa\nkIZXEFwif0FYI3sGfMjXefCdR0Nv3b2aF4B5FI1bBITuizh9mVeMxvQc/FZn9HjylmY3zeOI0yVz\n1eJy/AVtZvelOrz0A0hG9YqJe2/ImDIwx7IUctUmY3tdmymRq3qMxTS6XEMGLl5xc3gHpeGpa9Zz\n2OhI2Tht36SFZ1ANX0ncJPZthGmI2bWpD4a589vE2lsTRb6vv+0VKhOHkxeQHLTd9l8P0RFFaDav\nFNqxtSbGzuYXsvlpaDCIYjHnBh/EUsvu8KVN++q5bJP2jq2vQZJcaMsaGmMyD+cIeLj5bX4/rEmt\nXBoSKUuJY11lzHv+ll9mIf8AmKk3yNkwEXmL0WeTHvM0SmohXl94c5kb0uUNR83ReaTELgRSvWWe\nUQRCIrBcecEmUhgUh6pWRiCtxN8fwF0ZRKRvJdMvXCF9QaxcG7vUzy8g+V3s6/qLu49ng8Zl4/ms\nujx+eW3jDBtgHE29fcOj29A753WDMxwzI96nF2RLC+KpczICcM3I8kvMXtWgS/w5BPZzL3uS1elF\nU9ET2ltdetw30uiRhhHCOyKLogiIpAsRjsSO5TICIiAiIgIiICImKqCImKkCR3ImKqJVDhsWcIJj\nBSEqihuWNiziqhgiLEY7FIKHwfvTpegUyhhgqhR/GKsl2w942/WR8vwQVb2KyXb8Rt+sj90FPoPw\nHjvRIx2rGK1hlERAREQEREBERAREQEREBERARFiO5AxWVKoYbkGUREBEUB/KgzDcoYYKZEEWEFhM\ndil/SEFy0RXSHfC94rDkVSVscXrvDze1sfj4V9SNot5hOZoZuGlWjmtvR9nYXnega7LyTXF66hjU\nnLurvzNUFvXpMxeRks4kJR8UlWuU/Ep+4XOy+x0MSeqyM0sHowHxLnRLxOzL8Ref33uiS7MyA8Zf\n7Le8MoeWT3C9bmMpHZCBw22St7k//jW1WXQR0TSWZBrNSG7ghuV0PbriV2PUX1vOWrsk1Y6sXOLR\nyym5XyF3By9/CNSLM8C5tMTOmL6/TWIyPqWZaq5jn8tz2tj/ADF6jdOUjMGMBGwF2XMVtjnV1/re\nRHvXbuvlT+XPZaL3zQy13pHfBq9e4S28gXg/Lnr6AZycJA6scYSDJyixqLkzf2NOji9sOm5u2ARO\n0Zn1ciyrrefjvNNbIdpYw9SsYEmZjwevD0uYLhruW/YhSIGHUN9b0SOHZANrA/3Ln/8Aw0XjaxhS\n0kPnfonjGqgl6xlktaUmwABpKvzG84yngNuY+IuHipP9VR2hab2ZHmJfT8MS2/yeZySiIvcwLygg\nRlWgNJhMzAEKuyjuJzCqy3dkrg1djd9nWKTxhxyxfLt8z1Ss13dHbiaN9YmxnEokxdmog8Yc/E6f\nLGrgE7NqzAxlwQS5qP8ARQcL66123XW1bu3Yl92YxJZP1jNC8R+blfIsLE8m24cc4peGLtVLieaG\nptg12vMcn4YlkrQEsFlYmdF4jpSsdGtSZgEgBQcuQ99F4Y/RqiTowwxM+LxRhqkEvRn4aOZA1YpV\n5bfTOsRbi4rgo1KvvWs/HB17jSMkLngIWOa9KQv11tFlPU4XjntKYiK+yaXji2E2FtEOPCXIvw0G\n4CybVsqtVIJdDH+953L+lVZQ7/PAR9ob7NW5hBvFjMyD8aHAYqqpUuaV56Gnsp81XFpUCzmVQFGG\nuCp0V3Hl30XdPS1IBS+Ty6fTkEumjkXe7o3DL0CL0yxasug1QECQReGUUF8B6a54SW3bueQudTeP\nREKcGZwx21w7gaYZ1ct4Ekom5pYbsymqDKrQsH6Lwisrw3R77JxnOGYR3jllEnvllw17PKZmxnwd\nalzsLwMPKCGxbmxJtRjsUyxjsTGCyMomKYoCIiAiJHcgxGOxTIiCHHYpkRBDjsUyIghx2KZEQERF\nUQ47FMiKQIiKoKx3c8Rt+sj90FXFY7ueI2/WR+6Cn0H4BR3okd6LRGIbllYxTFVGUWMUxQZRYxTF\nBlERAREQEREBERAREQYwWURARFhBlQw3KVYiKBTdwGqXsooI8VBjCENqvl3dEM8nsarjCUtYR4p+\nJHpL1W7GieV3aovtT6xIP9KmfD+os7IDxa6+jW8V8+mWXS+k2F4b513uIX8sV7BdP2OEsCGLmePD\nzKFUcNWZ97ty/PXpI7vPXPFC4mkRUy0o5bcSsEZc3fPWZXUzrCH+jHUearVg1aS842DQNJszEMQL\nAuGKx7hc69IRzSfPs6i6Hm+qHYXVB/tcJRsqNQ2WUPxFoz+UEms0shHE4XUYkKQnLKtT+vKC9fit\n90puODSLcsKrVzT1hr2qlvbdIcGULY85hyy+9flrz3RxNyP7sSt814sYUiC9JZXrkino3kuxIGsI\nnhiXmPqnJ7H7a3lRj7AyiZAAYJeGT0atdyAzC77wzVz342J4uVQ3+ubgDWGcTmYcwXMERcS414Xj\nN3qRM3HzLaallb3GUTcdEOG5dppNxg4plT5JN2b3iM81XETxhAMclB0OsW/bfsVCXOyh1zJrbMAc\nsAP2Cz+UUQh4MfWq6TnFuOSZ5hMkXa8xcosjkl0qxCZpfTLoTe9p6UBRNlKkTGZOJi8AMYaronDE\no2K11k3ngnjwMbUD/EHFWKU3RcPQ6xOzRaNS/ooOIVS3duw3u8HWHGdNPTcMSldzCvll2iKoNsdz\ngAY6uMNEQ8rJVZmJdlLleoW3A1fDO4a1YVVObpV/icSbUwy437WqZeXxN1nftn5NWzSf1F6XewxN\nUhkZXGXnFzJdVvEYmPk+zVa2nfY9nu6zicWH0pFSb2zHrObGG2oUh0s1XGezEd2rrvHIg99E8XEv\nNGcCGjC25BWKQ3CCuviV+bzGfZ4OhJBRY3kPnYCFmkUhZiKDt5GJqObll9GuXZdklktK5bcUmVVW\nJGbrODIrY+aVmTjLoOQ5el8zh5LpDLawMe+XRCm+P3C8pg1ELNgbKjwyr3DSgYFaWsihYwIOXVSC\nP8f468wNL9dewrCcarWpUq6DkSm8E0k0AUynzeHXV6uzpzeyh4GJYQEaObr4ctVVvI8Q1e9/94L/\nAGa1SsK5Q1I0ezF/jQfY2j32WcXoRN5qAEy/3mvTcf8AcXu13tIMhvZGImMyjF371NlkX5nS+WuB\nGqjhSF2p/wCou9JL4TZoTLdwO0HzDwVq7B+mUe5jhGGCYr40ub7Ja8F2cWxHlVqLiCNmD+uvcbp+\nyXkE+CEcyB1cUnMDmDVucEnre5MVqS6ZtZwGJZa6C8F6BdDFXESLGMFnFBiMNimUSxHBBMiIgIiI\nCIiAiIgIiICIiArHdzxG36yP3QVcVju54jb9ZH7oLPQfgFHeiR3otEEREBERAREQYhuTFMdimVRE\nixDcsoCIiAiIgIixHcgYpipl/MY6vDGOyEPLFBHipB24EhTsRgUkOGOMV6PcbQTee9gAzJwHqmT+\n+nnEL8iwvZrp3EktxnAmUoaa1NSmpDfGzCVFPYPGLm+x9vHeQAXMxF1FKy843EL8xezXR0HyiT+I\ngzR8RybMXoODhmOMXpgtKbykR2fNJT9uRc2E7l7M3eYDu6njFY+X8RfKp1VK5OKsIPWTqjVqm4dT\n2i1DzZuGvAtCZlo0qXLqLQm14nj01Pncyjw6a54g64XsWouGJSHbmU8cREZyY1LhiprautAfUUym\nLgFYvCaes/6FxBSlwV2IfFM5NSx+JbVmnrMfVDxlLQUmrKk1HX7RBNdcBDlg5esnBsnLKs25kQ0z\nsty5zXGsq5KoW2UyZxbFrFEbMrH5a7FkMQXgmZRO8ShMSow7VSVVzQ6zHqTps643WBM3siL0FpAk\nlmIROdgidjw1WdEcpEAk4lpI14Van1hq7TyUECHKyaa8xf8AZJ7TH+iLuS00XgoDrUY8vBefX4uY\nNnMQzGU5Tr9Iah4Zfj+sVwkbyEQhwoGD2v8A0LoXiZjOEJCgWK7FbK1Jkk+fhDVIKH08VdpFPBH8\nV/ZQWbuzOIQ5lqJhLqRi0fFDWZgjV4nLVtiWtLrbijlB+iUOpvzclvSXdEVoHLKE9LteKpSzGMfQ\niVEXELdd4cGZki5heGgYtLvm1aWxqlL4wTmLE9ndeOMTVjcuuuUE3MKbYXlKS1dbrQmBDhNgbhds\nuUZ3nZoc0qhLCvmFWpCJMOPxUbiWvA0MuK7YpR3n/EWrKmrjXAixOERPIrr1Q3ZtDE4xfs0QsseN\naQw0mlNtwi5pCrn6JZHroTOCZESm4qk0wOyaliXmQpYhXTkRS3fukEbbJLAVUheyV6/yudkWa4Od\nfielnUy1dtBxSb5QxKnFKRmzeUsnlDEtNjZt6uVwQtaBS5ZVoGdke1qmdnLt1163mLLNs3Qdntlk\n8ni2DhUqKwSSUdWAixFnuhB53xyLVuzTdu5a24OrVVZXxaV5HsNSrxEYYqNDMqKyLzq/xtcvs9pZ\nNMQxfUGuTInlELzDZnZa27xPK96rykhn1ZiUQyrns44gMVB0I03rzg5S6B5fYBjAucL0y57QtEPB\nrFXbrEey6qQH0SDVNIh1+9gd9k4ZTZg6fuLC5zu7wwADHU6MvFmkLHmkW00eWwlZx5Q83j010TEI\nZ6csAURkMgqcJEQJsG5tog8Iym1p/LAhL4kUvKCrW91NkXVnOcFzmjLQWS3esO4mctntEosoeHDE\nsjSu9pRnUheB1YsMfXr2y5HsrZgLEcx77FzBG/xrw8tzCN6JRMqwWwf2q5ILr29cA1FtNzBcPL+W\nrbB973S033YvZiLXOqHROUbhq9isxIKpYhEgu1Dw1+cUvI/aN6kTYy+JaQ63DL8i2vRbmaZJ1dM0\nStXhgDjxBmzG5fmKuwfa+OxTLyS5Hsi5BeUVOdQjIn3a8VuvVm1sLoOsAIF217UOYNW2JJUSCYrI\nIiICIiAiIgIiICIiArHdzxG36yP3QVcVju54jb9ZH7oLPQfgFHesYpGO9TYrRESLENyygIiICxGO\nxIxW0GP/ADQRqGGC2jBUeKqIkWIbllAREQEWMVLQ+D96CJY9MuhI5I+vK7CylTPXHZPa8sa+h9Hn\nsfpZJoxmN4jAmTkebTN4sNB49cHRNOr/ABYlEHq+Tw4kzPu+Z2i+grpaLpDo/N05ZJ4zecDjj1lO\nQeX4lhWN7eOUS4XQsii9K2N3EY5Y1xJleGYPIGqmo1c2kFRVdExSWom6ymTg8awqY476aAnupxwb\nUAhrVcFXqtY3fIMoayaoY1LldkpDfLB3MmUHLmFapyjLNaLNpCoHN5a6DPIlocnhKvO4YPM1AaYQ\nhVKHYRdtozo8QK0BeOVRfRrfO8hDGJd2/wCugsF3JcWIjTFqGiYv5vbk7Ilvw+gtSeUnzLLe0JfH\nKgU/k93bt9FWx5LYyy6AZQ6NRdEDh6odvuzqnFpyuT6s2BgVzwxIqllMa8AlbSwBmvaHWpeMjcUx\nM26s65g24b/xYnzFqtZ44ljymUJ3kR8oK273Swj2ci1YHEaCdErZdIltSSdrR7Muu70xjSO0dCZ0\niRNxaftCL2GbSlvM2tIWS6Hw+zXgd2p69lk2aFch7/YlxqfE8DoL6otMxu2woY7hVRrzudXrnzet\n9Ms/DreJMw0pidkSuEqswY1xYkCc38ixPJSOM3BAh80Xi5eyXcajcQFi+CekL9KCtN2FOCIYXdMk\naIicMtddEwKNco65qa6s2u7rrM0Bmze1XEaCcCjmcbtVkbYS28f4ihdwI94tcKm1shjcGipQhrcV\nVGoFoMEeN/mIFp9quh1fzK30S2hMLfFLGCzAcsLSsbLDw1ts5djWqfteZT9xYW+8CJnw1qtQuHpj\nazCtEqojY6rTGgFtwRctdt2H83fCuTqgwUaX2CsNkDNpJDOHFALUcapM/KRj/N8+6UGnWc3lrEfF\nKbYtaeu20scM2epVhcVwWuu+4nw4AmM6cxjJmpQ0mguYqUT/AGbB6I1ap2y7FFGuDyWffsm5886v\n4ow0e0Eq0zZjgaGP7JdCBdcNmcXhDKoq3VkDFo1l0HOWrR1TDMsMgJaPCNwi/wDcXXlc3bP5zZgU\n5whK8qkEc9TwfjqvXclxHkzA5EfU6URFb5/MW3KzkNMyDJQyjQqdpxEHn1h6V6R2+LxnLshftFKZ\noSiAg+F2S2rcuG3sgFRoiwXReCIGDMQ+FRqoNBozXVgEkWfYrbaM9de1RByhqEsa8Idkg4go1zGK\nRbRgkNW5xR06YlktMQf4i7cnHRlwJuTtkHKdhIA4Sc3svx6tbUud0Ch53aCWoSpAECV1t3dESsZw\nThFykEM3mBwzKq2wCLi5C6LWfFeyx6RyKsuTec9ENUZuItuR1Dy6nx/x/wBtBYWZpG8cyxy5ZanA\nZqQGv6P0/j2FxBy2cxNBrtPMa0AuPe+PtFpzGGLKLb0oi+kErY8dDcS9n1kDXRFMJrk5ZPloKEAw\nhlBSNCqXiC4o1dbo6R51cx4EkodmlkeWOGY3L8xRu5I3fSzXWQdcalZ6qMQOILM8NasxG4aNAjdH\nAYrkPCDy/cdNB9C3I9ldJ3hQs71szyhz/wDcwAqt/qcte2yO8cqvKDWpLN2U3D52RqsF+dpdYo03\nIaJe1Wu2evbqPAzKSuzS12MtUcwZQpF+fYV+Y/SlMV4Voh9lTKL2DFKr1w6hno8rXoeJPl7rasxs\nDDZsQjZHbzRkFmZa2tiQiQii+gREQEREBERAVju54jb9ZH7oKuKx3c8Rt+sj90FnoPwBiHf/AHqX\nYpg7/wBaH8q5arUgiGMoq34wVhLDcmKhr/D+5TBMiSUHkUoPIogm2LbCZJqoTYKPBSGP8Kj8iCGE\nUxUyYqqSHFIqZXXRvofn+kmB3LIWqyNtDF3MnmWP5vaIKHGMIWcYxhCHnivXNG3sc53fgQZjMPzT\nKyR3w8Y6C9n0e6Hbo6NXxnjg0L2zkQtj4vi4vj2LG9dKZXuJNChsA70Hy6Siq1ru3UklwpNqzcMQ\nhH5ARzHXy1xJ5O3E7mRm0TUh/pFFWCbGHKx6y5hWLDlKkgZkNCEB7Sk5qkJg52bn0h8NbTTOeR7b\nmI0l0IhzF0ZR0Nc+yQacxDX4eSJJfTw9KpiCJnR5SS5nqRqRclB1XhsQriPDjgYPakMtsps9JaKu\n8qYoNsTQYTYKWXhHNLxy1qWvqpXYwko8RCvCxjVKty5b0rF47nfBExaELne7t9xY6CCS/F7dfn1M\nflyh+rsqvzC8OUEQvGiczsh/EVZm08EV+aBYnAH9I7QqmayFxOXlF6yPTjw5Wy7P46KrAJ2OANWZ\nGOaDnxggOaT5a7btoR9I2T10as6bmI1IWuTNy+mqFeC/0quHF7Fy6CztkwEFkzzLcOj57HkVIu9p\nzdMXB+upXNI3Ve7HFlueIyRJ7vFSSevXdCc8xhBz2NUYuZ3a+oNCl843gu31U5oHfS3Kzt1NfOF3\ndINwrzSdnLJa71R+XNwhlkqfEV1lbpzLJm0m0hL+cWJu+KMM0ny7Fvo0/pFqZFG2Do4d/trub1/S\nJd3Xgawy3DU1zJk4OLG3wuYtuVTD8q2kXwgUScI4vSLoNZTReZoconN4S8vZ+Lve+x+Fvzg23cpl\n70RqQeJ2OUqdNrsuAm72jWEvRgtBxDSXOdDr8M/0SV2Flby+DQ4crq1R0XhsujqavTpo4DhSjWEq\nyUQjO8oKtsR1tuSNBg9b6ZWE0Swjx4+tWpLmlEIRC+kW1APwfvVX0rU3aDNCmKvBdCU3dxDsDRqr\nbCIZ3mFZdCE8aC2iNXL9ms80LP8AwLKI2oggLEOPNXlN+L2Dvc8NIGxoBlbfNd4gy+5+OrXfS8Ly\nEgmcYwAH9FHivNnLazYZRl0vdheubffTiLE4ykh9Rdaijzm8xn5fhBXpvMozo1bv/UG/i4svh/HV\nemMxgc5hjCAI1a5hqQRBiUOpkIakOgq+aX5zzXthaNUouy9Iui4SqQNRLm5OTmKZmzJM3lLtVLPJ\nUSAQ4mrR4tXmerUsplBwPAiH2XFVR27uRKJ4CMDbY0lNAUHs5dtm1DMqU+WTu1iXNKLwAocUq6Mn\ntDYTiBim2CNjwEFOBFwFuyGT1S6Jsl4zERQAk5G88MwIbXItnZA1V0ZuLUZkHshoOg01eLQ3JKVc\notOrxuSusE2EfVLhuuBDklQc+ZxqljGPFwzF3JybUbQmfvaNVcmRs6zzAmwuYsGd9aXjzeblIMzf\nIFS5sKYl0IGGyaMhj4VIRSesQwtdehKXlmzFqOjUTGGLhKQr02NWsh48RZSsUvgSIQi46rxu/Sh4\n5qRqX1F22hcT+fiCQQzGo9eKwuw6xKA7K8Ii+k9x/DVeCEZy/wBqrBlnEHthoMCmRJBdWWuhGrG1\nsrsnKqrvTeDeD6oI2xwIbodcHuFR56712WH7Jt/mLbnDrFnLfRi73VRz3WsiLAjk1Y3MEblEt/JX\nKLMawTDEE4fS8tdt28/KCNMgc3KKMvDqkse0tqvFjblkKbg+b+jj5Yh/HQRNKbgMYDr1Y8QXFXr+\nhv2Rj7Rk5DLnkDze5hDY25eU+YxJ7trb/sl5YKDkUIuCGDLWxOJW4nzF2hzFo9exG2lgAjJxHL1j\n3yX5FhB+hklnTC8UoDNpU8A7YOeE7D5VtQivi3R5et/oZvBaPI5xCYyRz4/JjAy/6HDIvrO49+5L\npEk4ZlJCuDA4VtsfiNSLcrsSd9EhFFcEREBERAVju54jb9ZH7oKuKx3c8Rt+sj90FnoPwMteVQvI\nLMTbY/3KE0P+S5arUPDeoq34wTZglH8YoFb8YLGt4/8Ams0fxioaOz/xQbQnlcy68VzpcKu8Xbo4\n/wDmg57s2K1K34wU03/vWpQ+D96CWt+MErfjBRUPg/ekbUIQxjuVhYLp3dmF+Z60kspDWmDkuUTH\nLH7u3bX2OVxYu7JZfdqQiDalbccWzYY9oyk9uS2vH9FtyHlwZGJ49DSm86Fhx8wYPcfPV+lzK2HM\nhklJlD7MQ1gdCbkyerRZQhcSjzSKKRhHrh8PsFqFFWP5ltsgkEHKUhz73TGs81cf7VagvKJQwzpj\nAhAZq6zQQ41yIIjRJGjnLoSgVaZhIoimGc6lk5hg4vKQYdhrlMIS0AmxNmLqgDQw7XirnmZ1zIJg\n8b+dbXADl8VaqFebexQYKbJzVtk1ZndB4+KaiHK1iPo/DXPaBcGBmLrO5QzcS+pMDUZRLhOXR3WZ\nxLI8n1iDzpu3susJpOTdXMhhIQbrlqour/T29JTt7sV7uyRzHMeGP325H8Mcfu/Wv5nrwekScRel\ngYN2W3iEtNGnU+PbsLajGNqOMY4xj9Eg4ktumwlcNYsh1pxv6bvMtrrarYKKmSNYfZGUvkW2IVdB\nTpncyVtrJot5bXcl4YQnp/MV3unfdg1lcerJ/M5HMmvi8tmQNdlRB+46fGZ/aj9IoCyhwcGAlmeS\nWN4GrK0MNaYEFsKHLI19H07KlOGxaE9b2DRj7JBoynRm8xK4u3ORZWceq3J019JXH0kjnLII5jal\nYSkDxWU0GUfz+lbX5z2bly8IYMnDKqTtTQzFry+7DRyCnYYWRYmzMTEGo2YmzvWozJ1T+D9b2tmy\nUQSWIRKMnDJFYK0G+NU4NNfIfsXNJs+unMpbILxO9buxMsoBSw75bEtdxY7vs19jHBGAYwNDCMMp\neYy8f203uMDL97Dn5K/MRDo49ouV+TxOILOVreDJWzY5Q1KJpWx+/mLT5ujZD+Cshl5Ii4OJeYsw\naYhXoLSQGmhD2Wzdwa21p6wPVyuSC6XgdwLpW1XXdxppedyK1KIdZMCGpVmQNgieBUt+3XXrx52f\ns4V+ZRV+7z+YGGGJWozAM/o1er6//H0FWGliZGbnfxFCcEhDGJogFSF7TuO7Xt1+7tXA0QMCzK+8\n4lFzJDZhYtQ64dxrurfMt2GYulacZi+QtL3+kCC5f2pNoOuxbE8sxJH8srwsxwOLZHHVG/gA9ZHE\nkfNjBdevH1vO5efPJ/l4rXptvhKtBEiZu7yWak/eBxlslFku3Nu329np+L+kXxRe2zPr5TWF5bwz\nV5YnhMxsNrCmNnt8Cxt2fzKySiSzB3Nnd4LwTF7eC8swjGJ5lMTEIQuPnJb2x3Q3rZKIdbNiujwc\nl/FydOM2u3Mmcv0gRPMLAoYAnfFK3H7i12g/gXv9mxYHKHrt2WLcbg3e5D06ZR2h+0tr50fsbMwE\nUFsQCjtxxtjNHLWxdKePNFdowHEHk+uaSMYuJSA+B2ZPIYPS2W/5fhWB7kdqSu9I58V4VgVCktQw\nXDM2XklXZu3eNle8QZtKyRd3XIIcBmKDYNx7iEe0sdmp5szG4gcjYwHgeZQ7RByRvCGMchI0SruP\nJc3OZm5FXzc3IXPDEkTBITJzszIIuqF2MwTOcMRNgkFSocUiDiTxpjeqpHJFMmYy0uYLoZKheCG9\n38UfErerUzx2QryTQr5TbWWv1O7R3x6gs6p2CDVC7xiYdH9iuJMIVzLfKYceFxeYuVMqhihQdaUC\n1IOsi7FcSUGwnEyc8qtlqwh7ykT1V66+zXC+mQWWWs8GZoc2iuA7NjWqrv8AGZ5eTS5qrUwiI5ti\nkNRnTOZbYamwtD8W1E0DRCbJUrQ3GL5f7T/3EG2GoDN31V0Au6ATD4wuWufRJAOzijp0/SqVp36b\nvXb7sRkGpeMNCTx5NQv2f/uLcm7MZruy0nNHxFzr0YGyxGymxR0/VrbLCvIt3KQaktDrEuM4JDNz\nKfzBrUBPY3gEybamA05yhNyh5vo7a6II0brFLxjapWH6xVi7sttsgdMu4Yao+J/VQdDqltgZ1OtX\nNSMXvbsifEXWtXiu/LGZwzMTh2JuGkCTSzMcl6fvk3L+jVankxmMyOEQ/wDaFbMgfldBbd3DDZBe\nNhYmg94jk3EKqjtu55MZ9IDSwpm8ol5M1vJpLlNhfL9uRWjRPOn+jSetH0kJB68oj18T0He7oHt/\npF5WEBGbvn1S5VVXG6U3IeqyIbKFVMPskH6GSW8DC8kpZzKUvAvGjncYPlW1BfDuibSy60L36tN3\nEMLsTGGLxr6P2lv1gV9u2Ldhy1EcBolbOBVLBO1GtyuaSVERXBERAVju54jb9ZH7oKuKx3c8Rt+s\nj90FnoPwBiDbH+9Df3LoHDjGK55v7ly1WpX+H9yVvxgoT7v1LMYqolxwgtoTT4VGtoTvGjVUh1mj\nQYVK7pxCtTrEZ1z3cxr5WCsIXZa5vMo1DhsStj/5IJlf9EFzW95p7rj7/ZbPNw7W37hefWLRCFjY\nHxCcP5y+orq3XHczR9aFR2Q4npSIO0Yb2aPWZnRgRMXbH5FlbUDEDQGPOprVal1ycy0Q8kuOYtox\n8Sm9KZagNDEAY1RdF3kyeDn9mtQxyANGl9Ikxd4UR8rmIOSzCSFDtSLrBZjpA7Vagqdb+GtsJaHO\n4SDULHZDJU0uDXeMhemzFCYuz1Sl1sYY1KOaqiV2bNNTyVEY2QoglrAqdopedS5SCYOyJlqPOQJd\nAVOKieR143ouyQbcvDxvUrh6a54Rpc+7V04nyZt3+7o8Sn7T+GrDLg0eF9GqfpqC5heOQ5OAuqRZ\nse0qEQefxFGMYxjkxQMax8vOW00l9t5DzCVml92CgBUramLskFZaSmEKNXiq4y673BqBoiXQaS9u\nA3e3F7Uy6upko5plIagbvN9TNk/Srhy+X6nNjtiBynvDdA5Su1IZ5bTrLnmDiD0seGg5d/8ARVQj\nrjfN21SUV5mFq8cAM6ZB7/bl4fLKNfSLOY65KQx+Fefu7ugjNzUzaoZz9qRVGpdqdNp5JYsHWTYs\nd6FF71t/9HtF9maCdJ8dIEjiwmQNTvHKY0nIjcwFPuLa+Ip9IySGYxnctoGpBz8eaP469GureZ4z\neM723fN3+xzRRj+kgs+G1XOyKPcwdHAy/bXPtd9NWkpl0HE6eAZyoYRQcujHpjgP3Fu2vlm8enC+\nF4nZJkzmUZFJxu3MZR1YAlQvRH3HTt91UH9GJdrTRfAOlScXVu3R1SVlaDmj6vyoFbDL0Ldj1a41\n9JDJW13RGfNw6tYqO6QYd8VLfgdDo+jUsHA1w5zbfqXqfuZ8Kf5PJbzP7xaSzdb3qnJXL10EbVwR\nq31Mmr2R8OoWr+Pspnl4L8yEsJlL9Md9rFtxETaJIni5dGy+j3G3D+mtF3NpdOjm6pk0NVrcV7Uz\nfmKJm8cPTA1mIDavwxrrOGqsxuLLSTJ7MZ3GY3pnBIRgR9O3hD42+h0cIx7mMf58d0El7CwA0WzI\nQGfFKSiClS+oupNXgwBxFklIbMF/61lmz1NnSFxXPEWeAPMmiMvCEHLXJdmwW27LRyifRrn8Y2Vs\nWAaMyGNl53aLrMhkAfZHCPwcVdW70jtmNl0A1VYHcppB1ZyHNJwyIk8xdSo0in5ZzIDdUzEmwg/0\nNxDHbYc2OzV5Bpjl80bgBeeXProltf8A1KOaAhPNWs/2i5MwkZMIU1FBgVgOtbDhHmYAqIq9nbzA\nE3OF0CYsZjKox3xOMkC/P8BbEtZZTtqaAGcXIaWqveL8uwvnexLASNzadyB28u45tYQKaTltxsQw\n90LCzZt/PXeuxpan8sJFjOAAnjUv6RKwCbOB/wD6vBIg9KmEyGGWhGOJ8uYiqFAD3fcLLyGdtyP5\nV0rtWJbeq68ze9ZwFKhGLAbt2EjMVSx3dixiWxZtrjwNQzdwvQoNV3jRqZ61MpSm2A/mUUe93kRo\nOg72ygJO0CQVJV+68aFYpeET/MXbnmTLjDhy1ybvQHRMIUPokHbC7iyDASr83eVoetXVeGxAbgZq\n4rrjmUhCYwgs+Nwlttc+j6Rc+ZRoQD6QI/4a6EvDQjs4vLQdA20P8MqmlBqLR4QvFHSL9otQvBMI\nX0a1HhSBkzNtWzHJuF6NBDMM4MKuTUNVGVTVvzRDnJN9rSPo+IJRS3/Z7wnouEglgWD260sYjDku\nXlInqxd3bXOZPSCZw3BNW8VNwyxt8tbcngQN22Vvte9G4uZUt+GtaEzLNHmriOeqXlG5RPaIIQCH\nCb1G3ilGlSMf59tQhDQNwcoRlFMMGc3ljbmDDSIXtemhdps02bzKKqNpmYZjGyVFExAu8vJEXiKa\nRvInmPw8xSz0IwvDU+Fy6yDbmJuuWdLjOm3DX0f7EXSkczP8hpxDYOqWUENyvdgXzB1jRMzJwRE8\n67MlvCSUTtpNWRjhd2CjdDL6Sws12D9HYbkxXEuVehvfi6Uun7aGEHwq1sXZW7PhjVgXSSRIkNyI\nCsd3PEbfrI/dBVxWO7niNv1kfugs9B+CNq1E0e6jiuUazDD9SIuZ1VY1ex5lGiKgYL+Klrzoi+B/\neEMVDgiKgm8qihDyIiC76G5YCa6SrvhcQjGxG1VjhHDul9VTKVhNLWNq1G1GMRuS7/bedEUrBWmF\nvVZxLacLNnJ7rZ4eX7bzq0FlwwOwisWrcLHmxgiKI3XcuGG3Us2rcLXnxVQiKrWJat2o2/PsREGz\nLmtk0ADt2rUbHm2LeBLx7Ntr9cERB/BZUGJd9r9a/sUvGUDvpWrUaYe527kRWEsJK3FAI7PShY82\nKWpeM/h2rUf54IiDcNLhhhTs2rULHmxgoQy8dGp0rfT8+KIsDei0s0qvStdPz4wXF0h3cYUbu2oD\ntWTuXFtqQ/TtRtRHZ8GGEYxs/uRFkSsbrsWtukOzbs5Ph4w6X68FzzsB+e1+5EUR0mcvHGPhWv1r\nrs5aI1Idq1bjYJ4UMYbf3IiD+yCsiF3NmEMylu9r5loM5cOt4Vv9cERB15NLBCnD1vZtW4C1Wrhj\nDwvPuVYvdKwsmdtwKNqyVuaxTjjDZ0vCREHdYSxu6aFiQcI0o9xshsXAujLxyq/TyXNrVobURwls\n2dnhFcdC3H+ezsRErHqcpYBLfKc2S2aoxTXVaduEI2bYwH6AoWoeXAYrA/kwwXnM7u40vBaeunET\nDt9O0PohLGzZ6NrwtiIqizT66MskbWGqAp02lvo7tnRH3Kqdw5M3mcucOS9KyUjqlaiOMIY2fNuR\nEFZnN22ru9IGxbZrQaNvZ0vc+D5Fyz2YngDp27UcURWHOetLBfCjaiujKJSDow8LK8HbuRFMer3W\nkbaI3gsbeV4NvGHSh/PgrKS7jSYHA2P07dj3WMOl+vBEXyOI80fSqBjcb68P7lw7w3dbycYrACGi\nInhCt2oRsx/mwREFLfXeZm8Gzab+pj0Vw5bKwRnIfC/WiLIsruQg1+yyGZyGy4dUSFsGtRtxs092\n3GH7leZfLLMRAHbMYlnHdbtQj/yREGqaXD1Hwre7zwWvGVB1yMMbXG88P7kRB0L5y4RHFrpWrcag\nu6xjDaq9dWVhtBqRja6fnxREHSfNLJWbslq3bjbH4Mcdy5YmAzNDktWrUbfnxRFEc6ZMRwEHba/A\niLqMmlkLTubVqG3zoiDYZy8bwJC2o2rFsYe5jYjCGC583l4/ynkrXG10ItavTxh0ulTJ5URB/T5p\nZdiqFtWrVvK27FEFrZjLpnHpWtlTyoiCN8Lq270lGC3as2Iymrh8aouXJw23s8ldm24NYtDeNoVL\nFrC1azPLHDaiIP5nNiJL2jt2rdqNokyc9KPnWwWWh6yDDG1wfOiKw15YxGK8hhWY2oWPNirLNJWF\n1LQELG1at0d+MERBVrTeEGTfpWrROh4PT24LtWmI4QFtteFV3+286Ig+yfYhNddkU9lZCk1MbiwU\nY4Rh3Fq34UYbNi+hIXaax9uX9cP7kRblfYig/JttD25f1w/uT8nG3uy/rh/ciK7J+Tjb3Zf1w/uV\ngu/d9vZZ24Qtl4kfLDzQ+BEWeg//2Q==\n'], 'text/plain': ['<IPython.core.display.Image object>']}, 'metadata': {}} is not valid under any of the given schemas

Failed validating 'oneOf' in code_cell['properties']['outputs']['items']:

On instance['cells'][3]['outputs'][0]:
{'data': {'image/jpeg': ['/9j/4AAQSkZJRgABAQEASABIAAD/7AARRHVja3kAAQAEAAAAHgAA/9sAQwADAgID...'],
          'text/plain': ['<IPython.core.display.Image object>']},
 'metadata': {}}"
../reproducibility-notebooks/00/7f3e92b51996bcf02d0c60ce10f4313f033d19/csf_analysis.ipynb,'cells'
../reproducibility-notebooks/00/2dcc94f5e8bbcac176f64f95925ac884320b86/put online git.ipynb,"{'execution_count': 1, 'metadata': {}, 'outputs': [{'name': 'stdout', 'output_type': 'stream', 'text': ['johanna\n']}], 'source': 'print (""johanna""\n    )'} is not valid under any of the given schemas

Failed validating 'oneOf' in notebook['properties']['cells']['items']:

On instance['cells'][0]:
{'execution_count': 1,
 'metadata': {},
 'outputs': ['...1 outputs...'],
 'source': 'print (""johanna""\n    )'}"
../reproducibility-notebooks/00/f71a24b0b72cd50f5a632526d5a86852ac4a24/notebooks/neo_elephant.v3.ipynb,'cells'
../reproducibility-notebooks/00/612321a9eff1b5a36adb2ef63d746c46ec3eee/jntu-march-2018/Readme.ipynb,Notebook does not appear to be JSON: ''
../reproducibility-notebooks/00/bcabbc0ce6be3e42f2793c80fe398a047561ff/part1/ex1_multi.ipynb,'cells'
../reproducibility-notebooks/00/bcabbc0ce6be3e42f2793c80fe398a047561ff/part1/ex1.ipynb,'cells'
../reproducibility-notebooks/00/bcabbc0ce6be3e42f2793c80fe398a047561ff/part1/.ipynb_checkpoints/ex1-checkpoint.ipynb,'cells'
../reproducibility-notebooks/00/bcabbc0ce6be3e42f2793c80fe398a047561ff/part2/bostonexpt.ipynb,'cells'
../reproducibility-notebooks/00/bcabbc0ce6be3e42f2793c80fe398a047561ff/part2/ex2.ipynb,'cells'
../reproducibility-notebooks/00/94f1d9cf9d9a95285bfd13bb5e0d058bf5e3b9/notebooks/SacramentoFittingExampleMaxWidth/SacramentoFittingExampleMaxWidth.ipynb,'cells'
../reproducibility-notebooks/00/94f1d9cf9d9a95285bfd13bb5e0d058bf5e3b9/notebooks/SacramentoFittingExampleIteratedCenterline/SacramentoFittingExampleIteratedCenterlineV2.ipynb,'cells'
../reproducibility-notebooks/00/94f1d9cf9d9a95285bfd13bb5e0d058bf5e3b9/notebooks/MakeNAmericaGRWDLTopology/MakeNAmericaGRWDLRiverTopology.ipynb,'cells'
../reproducibility-notebooks/00/94f1d9cf9d9a95285bfd13bb5e0d058bf5e3b9/notebooks/examples/CenterlineExample.ipynb,'cells'
../reproducibility-notebooks/00/94f1d9cf9d9a95285bfd13bb5e0d058bf5e3b9/notebooks/examples/SacramentoFittingExampleIteratedCenterline_no_classification.ipynb,'cells'
../reproducibility-notebooks/00/94f1d9cf9d9a95285bfd13bb5e0d058bf5e3b9/notebooks/SacramentoFittingExample/SacramentoFittingExample.ipynb,'cells'
../reproducibility-notebooks/00/cb00f38fe02cc7eec077147309fb3b8c12665b/python/2017-06-30/aula1-parte1-jupyter.ipynb,'cells'
../reproducibility-notebooks/00/cb00f38fe02cc7eec077147309fb3b8c12665b/python/2017-06-30/Untitled2.ipynb,'cells'
../reproducibility-notebooks/00/cb00f38fe02cc7eec077147309fb3b8c12665b/python/2017-06-30/aula1-parte2-strings.ipynb,'cells'
../reproducibility-notebooks/00/cb00f38fe02cc7eec077147309fb3b8c12665b/python/2017-06-30/Untitled0.ipynb,'cells'
../reproducibility-notebooks/00/cb00f38fe02cc7eec077147309fb3b8c12665b/python/2017-06-30/Untitled1.ipynb,'cells'
../reproducibility-notebooks/00/cb00f38fe02cc7eec077147309fb3b8c12665b/python/2017-07-14/aula5-parte5-desafio4.ipynb,'cells'
../reproducibility-notebooks/00/cb00f38fe02cc7eec077147309fb3b8c12665b/python/2017-07-14/aula5-parte2-desafio1.ipynb,'cells'
../reproducibility-notebooks/00/cb00f38fe02cc7eec077147309fb3b8c12665b/python/2017-07-14/aula5-parte1-demo.ipynb,'cells'
../reproducibility-notebooks/00/cb00f38fe02cc7eec077147309fb3b8c12665b/python/2017-07-07/Capitais.ipynb,'cells'
../reproducibility-notebooks/00/cb00f38fe02cc7eec077147309fb3b8c12665b/python/2017-07-07/Untitled0.ipynb,'cells'
../reproducibility-notebooks/00/cb00f38fe02cc7eec077147309fb3b8c12665b/python/2017-07-07/aula3-parte4-exemplo-pratico.ipynb,'cells'
../reproducibility-notebooks/00/cb00f38fe02cc7eec077147309fb3b8c12665b/python/2017-07-10/aula4-parte2-recuperar-tweets.ipynb,'cells'
../reproducibility-notebooks/00/cb00f38fe02cc7eec077147309fb3b8c12665b/python/2017-07-10/aula4-parte4-pesquisar-tweets.ipynb,'cells'
../reproducibility-notebooks/00/cb00f38fe02cc7eec077147309fb3b8c12665b/python/2017-07-10/aula4-parte1-atualizando-status.ipynb,'cells'
../reproducibility-notebooks/00/c30ce791e328152e224a42250e67c551e4790b/1_notmnist.ipynb,'cells'
../reproducibility-notebooks/00/02396c4c4517b77351e0f4e14fdf4bbc13676e/.ipynb_checkpoints/Randomly Practcie-checkpoint.ipynb,"unindent does not match any outer indentation level (<tokenize>, line 3)"
../reproducibility-notebooks/00/02396c4c4517b77351e0f4e14fdf4bbc13676e/Project Practice_Python/Randomly Practcie.ipynb,"unindent does not match any outer indentation level (<tokenize>, line 3)"
../reproducibility-notebooks/00/643ecfa9797d52a3dfb45d63d57072c1ee5131/豆瓣關聯資料2：(將資料庫之資料先拿出來之後再輸出).ipynb,"unindent does not match any outer indentation level (<tokenize>, line 37)"
../reproducibility-notebooks/00/81c121504fe0b8c8c101cce619de2293e43737/Notebooks/tutorials/nb7-mllib-statistics/nb7-mllib-statistics.ipynb,'cells'
../reproducibility-notebooks/00/81c121504fe0b8c8c101cce619de2293e43737/Notebooks/tutorials/nb6-rdd-key-value/nb6-rdd-key-value.ipynb,'cells'
../reproducibility-notebooks/00/81c121504fe0b8c8c101cce619de2293e43737/Notebooks/tutorials/nb8-mllib-logit/nb8-mllib-logit.ipynb,'cells'
../reproducibility-notebooks/00/81c121504fe0b8c8c101cce619de2293e43737/Notebooks/tutorials/nb9-mllib-trees/nb9-mllib-trees.ipynb,'cells'
../reproducibility-notebooks/00/5f721c3084d5d49ab8633fd820ab03a45cc830/.ipynb_checkpoints/Untitled2-checkpoint.ipynb,Notebook does not appear to be JSON: ''
../reproducibility-notebooks/00/bae38a869ad279301d1f9aa2a707bb4136f348/image_classification_old.ipynb,"Notebook does not appear to be JSON: '<<<<<<< HEAD\n{\n ""cells"": [\n  {\n   ""..."
../reproducibility-notebooks/00/63e39d154b5fac931335e1f243a54eb632e614/FedFlowofFunds.ipynb,'cells'
../reproducibility-notebooks/00/b04f4c7e7c9a694ac1c2406c5796b6f754f620/Coherency-time.ipynb,'cells'
../reproducibility-notebooks/00/b04f4c7e7c9a694ac1c2406c5796b6f754f620/Coherency-and-modulation.ipynb,'cells'
../reproducibility-notebooks/00/1bc610299b30bef458c2893a5780f768d68cb1/feigenbaum.ipynb,'cells'
../reproducibility-notebooks/00/662eb7eadd61a4ceec964fe9fc3a68225b62ea/Box Shaking/Specific Datasets/Ringdown/Ring Down Analyzer.ipynb,"Notebook does not appear to be JSON: '{\n ""cells"": [\n  {\n   ""cell_type"": ""c..."
../reproducibility-notebooks/00/43182c6d3289415ea7c82563e594b2244e0aa9/hello.ipynb,"Notebook does not appear to be JSON: 'print(""Hello"")\n'"
../reproducibility-notebooks/00/486eeb3f57374504e01f8d6446aa4c3ffc8b3c/SnakeV1/FristKeras.ipynb,"{'cell_type': 'heading', 'metadata': {}, 'level': 1, 'source': 'Create the MNIST Data'} is not valid under any of the given schemas

Failed validating 'oneOf' in heading_cell['properties']['cells']['items']:

On instance['cells'][0]:
{'cell_type': 'heading',
 'level': 1,
 'metadata': {},
 'source': 'Create the MNIST Data'}"
../reproducibility-notebooks/00/784dddbf0cb8a7062643d82b3796361664c925/sentiment-network/__MACOSX/sentiment_network/._Sentiment Classification - Intro.ipynb,'utf-8' codec can't decode byte 0xac in position 37: invalid start byte
../reproducibility-notebooks/00/784dddbf0cb8a7062643d82b3796361664c925/sentiment-network/__MACOSX/sentiment_network/._Sentiment Classification - Mini Project 5.ipynb,'utf-8' codec can't decode byte 0xac in position 37: invalid start byte
../reproducibility-notebooks/00/784dddbf0cb8a7062643d82b3796361664c925/sentiment-network/__MACOSX/sentiment_network/._Sentiment Classification - Mini Project 4.ipynb,'utf-8' codec can't decode byte 0xac in position 37: invalid start byte
../reproducibility-notebooks/00/784dddbf0cb8a7062643d82b3796361664c925/sentiment-network/__MACOSX/sentiment_network/._Sentiment Classification - Project 4 Solution.ipynb,'utf-8' codec can't decode byte 0xac in position 37: invalid start byte
../reproducibility-notebooks/00/784dddbf0cb8a7062643d82b3796361664c925/sentiment-network/__MACOSX/sentiment_network/._Sentiment Classification - Mini Project 6.ipynb,'utf-8' codec can't decode byte 0xac in position 37: invalid start byte
../reproducibility-notebooks/00/784dddbf0cb8a7062643d82b3796361664c925/sentiment-network/__MACOSX/sentiment_network/._Sentiment Classification - Project 5 Solution.ipynb,'utf-8' codec can't decode byte 0xac in position 37: invalid start byte
../reproducibility-notebooks/00/784dddbf0cb8a7062643d82b3796361664c925/sentiment-network/__MACOSX/sentiment_network/._Sentiment Classification - Project 3 Solution.ipynb,'utf-8' codec can't decode byte 0xac in position 37: invalid start byte
../reproducibility-notebooks/00/784dddbf0cb8a7062643d82b3796361664c925/sentiment-network/__MACOSX/sentiment_network/._Sentiment Classification - Project 1 Solution.ipynb,'utf-8' codec can't decode byte 0xac in position 37: invalid start byte
../reproducibility-notebooks/00/784dddbf0cb8a7062643d82b3796361664c925/sentiment-network/__MACOSX/sentiment_network/._Sentiment Classification - Project 6 Solution.ipynb,'utf-8' codec can't decode byte 0xac in position 37: invalid start byte
../reproducibility-notebooks/00/784dddbf0cb8a7062643d82b3796361664c925/sentiment-network/__MACOSX/sentiment_network/._Sentiment Classification - Project 2 Solution.ipynb,'utf-8' codec can't decode byte 0xac in position 37: invalid start byte
../reproducibility-notebooks/00/784dddbf0cb8a7062643d82b3796361664c925/sentiment-network/__MACOSX/sentiment_network/._Sentiment Classification - Mini Project 2.ipynb,'utf-8' codec can't decode byte 0xac in position 37: invalid start byte
../reproducibility-notebooks/00/784dddbf0cb8a7062643d82b3796361664c925/sentiment-network/__MACOSX/sentiment_network/._Sentiment Classification - Mini Project 1.ipynb,'utf-8' codec can't decode byte 0xac in position 37: invalid start byte
../reproducibility-notebooks/00/784dddbf0cb8a7062643d82b3796361664c925/sentiment-network/__MACOSX/sentiment_network/._Sentiment Classification - What's Going on in the Weights.ipynb,'utf-8' codec can't decode byte 0xac in position 37: invalid start byte
../reproducibility-notebooks/00/784dddbf0cb8a7062643d82b3796361664c925/sentiment-network/__MACOSX/sentiment_network/._Sentiment Classification - Mini Project 3.ipynb,'utf-8' codec can't decode byte 0xac in position 37: invalid start byte
../reproducibility-notebooks/00/784dddbf0cb8a7062643d82b3796361664c925/sentiment-network/__MACOSX/sentiment_network/.ipynb_checkpoints/._Sentiment Classification - How to Best Frame a Problem for a Neural Network (Project 4)-checkpoint.ipynb,'utf-8' codec can't decode byte 0xac in position 37: invalid start byte
../reproducibility-notebooks/00/784dddbf0cb8a7062643d82b3796361664c925/sentiment-network/__MACOSX/sentiment_network/.ipynb_checkpoints/._Sentiment Classification - How to Best Frame a Problem for a Neural Network (Intro)-checkpoint.ipynb,'utf-8' codec can't decode byte 0xac in position 37: invalid start byte
../reproducibility-notebooks/00/784dddbf0cb8a7062643d82b3796361664c925/sentiment-network/__MACOSX/sentiment_network/.ipynb_checkpoints/._junk-checkpoint.ipynb,'utf-8' codec can't decode byte 0xac in position 37: invalid start byte
../reproducibility-notebooks/00/784dddbf0cb8a7062643d82b3796361664c925/sentiment-network/__MACOSX/sentiment_network/.ipynb_checkpoints/._Sentiment Classification - How to Best Frame a Problem for a Neural Network (Lesson 7)-checkpoint.ipynb,'utf-8' codec can't decode byte 0xac in position 37: invalid start byte
../reproducibility-notebooks/00/784dddbf0cb8a7062643d82b3796361664c925/sentiment-network/__MACOSX/sentiment_network/.ipynb_checkpoints/._Sentiment Classification - How to Best Frame a Problem for a Neural Network (Lesson 2)-checkpoint.ipynb,'utf-8' codec can't decode byte 0xac in position 37: invalid start byte
../reproducibility-notebooks/00/784dddbf0cb8a7062643d82b3796361664c925/sentiment-network/__MACOSX/sentiment_network/.ipynb_checkpoints/._Sentiment Classification - How to Best Frame a Problem for a Neural Network (Project 2)-checkpoint.ipynb,'utf-8' codec can't decode byte 0xac in position 37: invalid start byte
../reproducibility-notebooks/00/784dddbf0cb8a7062643d82b3796361664c925/sentiment-network/__MACOSX/sentiment_network/.ipynb_checkpoints/._Sentiment Classification - How to Best Frame a Problem for a Neural Network (Project 6)-checkpoint.ipynb,'utf-8' codec can't decode byte 0xac in position 37: invalid start byte
../reproducibility-notebooks/00/784dddbf0cb8a7062643d82b3796361664c925/sentiment-network/__MACOSX/sentiment_network/.ipynb_checkpoints/._Sentiment Classification - How to Best Frame a Problem for a Neural Network-checkpoint.ipynb,'utf-8' codec can't decode byte 0xac in position 37: invalid start byte
../reproducibility-notebooks/00/784dddbf0cb8a7062643d82b3796361664c925/sentiment-network/__MACOSX/sentiment_network/.ipynb_checkpoints/._Sentiment Classification - How to Best Frame a Problem for a Neural Network (Project 5)-checkpoint.ipynb,'utf-8' codec can't decode byte 0xac in position 37: invalid start byte
../reproducibility-notebooks/00/784dddbf0cb8a7062643d82b3796361664c925/sentiment-network/__MACOSX/sentiment_network/.ipynb_checkpoints/._Sentiment Classification - How to Best Frame a Problem for a Neural Network (Project 3)-checkpoint.ipynb,'utf-8' codec can't decode byte 0xac in position 37: invalid start byte
../reproducibility-notebooks/00/784dddbf0cb8a7062643d82b3796361664c925/sentiment-network/__MACOSX/sentiment_network/.ipynb_checkpoints/._Sentiment Classification - How to Best Frame a Problem for a Neural Network (Lesson 5)-checkpoint.ipynb,'utf-8' codec can't decode byte 0xac in position 37: invalid start byte
../reproducibility-notebooks/00/784dddbf0cb8a7062643d82b3796361664c925/sentiment-network/__MACOSX/sentiment_network/.ipynb_checkpoints/._Sentiment Classification - How to Best Frame a Problem for a Neural Network (Lesson 4)-checkpoint.ipynb,'utf-8' codec can't decode byte 0xac in position 37: invalid start byte
../reproducibility-notebooks/00/784dddbf0cb8a7062643d82b3796361664c925/sentiment-network/__MACOSX/sentiment_network/.ipynb_checkpoints/._Sentiment Classification - How to Best Frame a Problem for a Neural Network (Lesson 6)-checkpoint.ipynb,'utf-8' codec can't decode byte 0xac in position 37: invalid start byte
../reproducibility-notebooks/00/784dddbf0cb8a7062643d82b3796361664c925/sentiment-network/__MACOSX/sentiment_network/.ipynb_checkpoints/._Sentiment Classification - How to Best Frame a Problem for a Neural Network - -checkpoint.ipynb,'utf-8' codec can't decode byte 0xac in position 37: invalid start byte
../reproducibility-notebooks/00/784dddbf0cb8a7062643d82b3796361664c925/sentiment-network/__MACOSX/sentiment_network/.ipynb_checkpoints/._Sentiment Classification - How to Best Frame a Problem for a Neural Network (Project 1)-checkpoint.ipynb,'utf-8' codec can't decode byte 0xac in position 37: invalid start byte
../reproducibility-notebooks/00/784dddbf0cb8a7062643d82b3796361664c925/sentiment-network/__MACOSX/sentiment_network/.ipynb_checkpoints/._junk2-checkpoint.ipynb,'utf-8' codec can't decode byte 0xac in position 37: invalid start byte
../reproducibility-notebooks/00/784dddbf0cb8a7062643d82b3796361664c925/sentiment-network/__MACOSX/sentiment_network/.ipynb_checkpoints/._Sentiment Classification - How to Best Frame a Problem for a Neural Network (Lesson 1)-checkpoint.ipynb,'utf-8' codec can't decode byte 0xac in position 37: invalid start byte
../reproducibility-notebooks/00/784dddbf0cb8a7062643d82b3796361664c925/sentiment-network/__MACOSX/sentiment_network/.ipynb_checkpoints/._Sentiment Classification - How to Best Frame a Problem for a Neural Network (Lesson 3)-checkpoint.ipynb,'utf-8' codec can't decode byte 0xac in position 37: invalid start byte
../reproducibility-notebooks/00/784dddbf0cb8a7062643d82b3796361664c925/sentiment-network/__MACOSX/sentiment_network/.ipynb_checkpoints/._Untitled-checkpoint.ipynb,'utf-8' codec can't decode byte 0xac in position 37: invalid start byte
../reproducibility-notebooks/00/784dddbf0cb8a7062643d82b3796361664c925/sentiment-network/__MACOSX/sentiment_network/.ipynb_checkpoints/._Sentiment Classification - How to Best Frame a Problem for a Neural Network (Project 1v1)-checkpoint.ipynb,'utf-8' codec can't decode byte 0xac in position 37: invalid start byte
../reproducibility-notebooks/00/176c680c5275532cf44ad99f43f5caf70566bd/PanCancer_focal_statistics.ipynb,'cells'
../reproducibility-notebooks/00/176c680c5275532cf44ad99f43f5caf70566bd/Focal_amplifications_in_R.ipynb,'cells'
../reproducibility-notebooks/00/176c680c5275532cf44ad99f43f5caf70566bd/FocalAmplifications_Prostate_methods.ipynb,'cells'
../reproducibility-notebooks/00/f289f67698b439deea79b03afe5cef6e8408ee/hmm_continuous.ipynb,'cells'
../reproducibility-notebooks/00/f289f67698b439deea79b03afe5cef6e8408ee/mcmc_coins.ipynb,'cells'
../reproducibility-notebooks/00/f289f67698b439deea79b03afe5cef6e8408ee/gibbs.ipynb,'cells'
../reproducibility-notebooks/00/f289f67698b439deea79b03afe5cef6e8408ee/beta_coins.ipynb,'cells'
../reproducibility-notebooks/00/f289f67698b439deea79b03afe5cef6e8408ee/em.ipynb,'cells'
../reproducibility-notebooks/00/f289f67698b439deea79b03afe5cef6e8408ee/denoising.ipynb,'cells'
../reproducibility-notebooks/00/f289f67698b439deea79b03afe5cef6e8408ee/dtw.ipynb,'cells'
../reproducibility-notebooks/00/f289f67698b439deea79b03afe5cef6e8408ee/hmm_simulate.ipynb,'cells'
../reproducibility-notebooks/00/f1177737d301f978f52213fa9b3e986970e842/Graded_assignment_2-checkpoint.ipynb,"unindent does not match any outer indentation level (<tokenize>, line 3)"
../reproducibility-notebooks/00/45d6316081aff5dbb3cd8bbc8fb25b454a6585/sdssphotoz.ipynb,'cells'
../reproducibility-notebooks/00/c2cfe5d4f04615a146d4eb0265e34ffcc6599c/notebooks/Modeling-RF.ipynb,"Notebook does not appear to be JSON: '{\n ""cells"": [\n  {\n   ""cell_type"": ""c..."
../reproducibility-notebooks/00/d3c87b52a8d4a1de674563845423342f1cbb34/Plotting/Simple One-Dimensional Plotting.ipynb,"{'cell_type': 'heading', 'metadata': {'collapsed': True}, 'level': 1, 'source': 'Examples of One Dimensional plotting'} is not valid under any of the given schemas

Failed validating 'oneOf' in heading_cell['properties']['cells']['items']:

On instance['cells'][0]:
{'cell_type': 'heading',
 'level': 1,
 'metadata': {'collapsed': True},
 'source': 'Examples of One Dimensional plotting'}"
../reproducibility-notebooks/00/d3c87b52a8d4a1de674563845423342f1cbb34/Plotting/Simple Two-Dimensional Data Set Plotting.ipynb,The notebook is invalid and is missing an expected key: metadata
../reproducibility-notebooks/00/c01d142d70861d5aae60fca2680962d0f48f69/Graded_assignment_2 (1).ipynb,"unindent does not match any outer indentation level (<tokenize>, line 3)"
../reproducibility-notebooks/00/68e19a67a4d22fecca4f1de11544f291f7dda1/a.ipynb,The notebook is invalid and is missing an expected key: metadata
../reproducibility-notebooks/00/6adfcb2ace0a4704bc27e1bc0c9472c19b91bc/assignment3/q3.ipynb,'cells'
../reproducibility-notebooks/00/6adfcb2ace0a4704bc27e1bc0c9472c19b91bc/assignment3/q1.ipynb,'cells'
../reproducibility-notebooks/00/6adfcb2ace0a4704bc27e1bc0c9472c19b91bc/assignment3/q2.ipynb,'cells'
../reproducibility-notebooks/00/6adfcb2ace0a4704bc27e1bc0c9472c19b91bc/assignment3/q4.ipynb,'cells'
../reproducibility-notebooks/00/6adfcb2ace0a4704bc27e1bc0c9472c19b91bc/assignment2/layers.ipynb,'cells'
../reproducibility-notebooks/00/6adfcb2ace0a4704bc27e1bc0c9472c19b91bc/assignment2/convnet.ipynb,'cells'
../reproducibility-notebooks/00/6679e9d0cb36a271bea053cd9615cec6e773f4/classification_for_Finger90_180.ipynb,Notebook does not appear to be JSON: '\n<!DOCTYPE HTML>\n<html>\n\n<head>\n  ...
../reproducibility-notebooks/00/6679e9d0cb36a271bea053cd9615cec6e773f4/classification_for_Finger_18_36.ipynb,Notebook does not appear to be JSON: '\n<!DOCTYPE HTML>\n<html>\n\n<head>\n  ...
../reproducibility-notebooks/00/6679e9d0cb36a271bea053cd9615cec6e773f4/classification_for_Finger_2HL.ipynb,Notebook does not appear to be JSON: '\n<!DOCTYPE HTML>\n<html>\n\n<head>\n  ...
../reproducibility-notebooks/00/f9f8ce82fdb6a016ca9b5f84d60f1d87b11d1e/rendered_notebooks/04_supervised_regression.ipynb,'cells'
../reproducibility-notebooks/00/f9f8ce82fdb6a016ca9b5f84d60f1d87b11d1e/rendered_notebooks/02_basic_of_machine_learning_with_scikit-learn.ipynb,'cells'
../reproducibility-notebooks/00/f9f8ce82fdb6a016ca9b5f84d60f1d87b11d1e/rendered_notebooks/07_application_to_face_recognition.ipynb,'cells'
../reproducibility-notebooks/00/f9f8ce82fdb6a016ca9b5f84d60f1d87b11d1e/rendered_notebooks/01_data_manipulation.ipynb,'cells'
../reproducibility-notebooks/00/f9f8ce82fdb6a016ca9b5f84d60f1d87b11d1e/rendered_notebooks/06_unsupervised_dimreduction.ipynb,'cells'
../reproducibility-notebooks/00/f9f8ce82fdb6a016ca9b5f84d60f1d87b11d1e/rendered_notebooks/03_supervised_classification.ipynb,'cells'
../reproducibility-notebooks/00/f9f8ce82fdb6a016ca9b5f84d60f1d87b11d1e/rendered_notebooks/05_measuring_prediction_performance.ipynb,'cells'
../reproducibility-notebooks/00/f9f8ce82fdb6a016ca9b5f84d60f1d87b11d1e/rendered_notebooks/00_introduction_machine_learning_and_data.ipynb,'cells'
../reproducibility-notebooks/00/f9f8ce82fdb6a016ca9b5f84d60f1d87b11d1e/rendered_notebooks/08_validation_and_learning_curves.ipynb,'cells'
../reproducibility-notebooks/00/f9f8ce82fdb6a016ca9b5f84d60f1d87b11d1e/notebooks/04_supervised_regression.ipynb,'cells'
../reproducibility-notebooks/00/f9f8ce82fdb6a016ca9b5f84d60f1d87b11d1e/notebooks/02_basic_of_machine_learning_with_scikit-learn.ipynb,'cells'
../reproducibility-notebooks/00/f9f8ce82fdb6a016ca9b5f84d60f1d87b11d1e/notebooks/07_application_to_face_recognition.ipynb,'cells'
../reproducibility-notebooks/00/f9f8ce82fdb6a016ca9b5f84d60f1d87b11d1e/notebooks/01_data_manipulation.ipynb,'cells'
../reproducibility-notebooks/00/f9f8ce82fdb6a016ca9b5f84d60f1d87b11d1e/notebooks/06_unsupervised_dimreduction.ipynb,'cells'
../reproducibility-notebooks/00/f9f8ce82fdb6a016ca9b5f84d60f1d87b11d1e/notebooks/03_supervised_classification.ipynb,'cells'
../reproducibility-notebooks/00/f9f8ce82fdb6a016ca9b5f84d60f1d87b11d1e/notebooks/05_measuring_prediction_performance.ipynb,'cells'
../reproducibility-notebooks/00/f9f8ce82fdb6a016ca9b5f84d60f1d87b11d1e/notebooks/00_introduction_machine_learning_and_data.ipynb,'cells'
../reproducibility-notebooks/00/f9f8ce82fdb6a016ca9b5f84d60f1d87b11d1e/notebooks/08_validation_and_learning_curves.ipynb,'cells'
../reproducibility-notebooks/00/3b54d518e09d1c61c996f395f6204ffe7bfb5a/Drivers_Complete_Trip_Prediction.ipynb,"unindent does not match any outer indentation level (<tokenize>, line 6)"
../reproducibility-notebooks/00/1e807a6181bef92fb26094275a04c5fd1d4230/pruby/kawasakirb018.ipynb,'cells'
../reproducibility-notebooks/00/1e807a6181bef92fb26094275a04c5fd1d4230/pruby/kawasakirb020.ipynb,'cells'
../reproducibility-notebooks/00/1e807a6181bef92fb26094275a04c5fd1d4230/pruby/kawasakirb022.ipynb,'cells'
../reproducibility-notebooks/00/1e807a6181bef92fb26094275a04c5fd1d4230/pruby/kawasakirb024.ipynb,'cells'
../reproducibility-notebooks/00/1e807a6181bef92fb26094275a04c5fd1d4230/pruby/kawasakirb19.ipynb,'cells'
../reproducibility-notebooks/00/1e807a6181bef92fb26094275a04c5fd1d4230/pruby/kawasakirb17.ipynb,'cells'
../reproducibility-notebooks/00/1e807a6181bef92fb26094275a04c5fd1d4230/pruby/kawasakirb16.ipynb,'cells'
../reproducibility-notebooks/00/1e807a6181bef92fb26094275a04c5fd1d4230/pruby/kawasakirb025.ipynb,'cells'
../reproducibility-notebooks/00/1e807a6181bef92fb26094275a04c5fd1d4230/pruby/kawasakirb021.ipynb,'cells'
../reproducibility-notebooks/00/12b6990c25f7529c7c7bb5f94678788e8caddb/scipy_spatial.ipynb,'cells'
../reproducibility-notebooks/00/b22e68ef42d89cf816c261b2b3b31c48d78722/Tarea1_P2.ipynb,'cells'
../reproducibility-notebooks/00/0b4715218312e1c0963482746abaefe0231f05/pycon2016/tutorials/computation_statistics/pmf_intro.ipynb,'cells'
../reproducibility-notebooks/00/ba25780f68ab71bd42752dbdca91a3d7e88443/Trabajos/.ipynb_checkpoints/._Taller 1-checkpoint.ipynb,'utf-8' codec can't decode byte 0xb0 in position 37: invalid start byte
../reproducibility-notebooks/00/ba25780f68ab71bd42752dbdca91a3d7e88443/Presentaciones/2. Solucion de problemas y busqueda/.ipynb_checkpoints/._Modulo 2_1_2 Estrategias de busqueda informada-checkpoint.ipynb,'utf-8' codec can't decode byte 0xb0 in position 37: invalid start byte
../reproducibility-notebooks/00/ba25780f68ab71bd42752dbdca91a3d7e88443/Presentaciones/2. Solucion de problemas y busqueda/.ipynb_checkpoints/._Modulo 2_1_1 Solucion de problemas mediante busqueda-checkpoint.ipynb,'utf-8' codec can't decode byte 0xb0 in position 37: invalid start byte
../reproducibility-notebooks/00/ba25780f68ab71bd42752dbdca91a3d7e88443/Presentaciones/2. Solucion de problemas y busqueda/.ipynb_checkpoints/._Modulo 2_2 Estrategias de busqueda informada-checkpoint-MacBook Pro de Pedro.ipynb,'utf-8' codec can't decode byte 0xb0 in position 37: invalid start byte
../reproducibility-notebooks/00/fe5e4b1ce1280f67d727fb88db732603d4472f/notebooks/league_04_Man-City.ipynb,'cells'
../reproducibility-notebooks/00/fe5e4b1ce1280f67d727fb88db732603d4472f/notebooks/CLq_02_Hoffenheim.ipynb,'cells'
../reproducibility-notebooks/00/fe5e4b1ce1280f67d727fb88db732603d4472f/notebooks/LeagueCup_01_Leicester.ipynb,'cells'
../reproducibility-notebooks/00/fe5e4b1ce1280f67d727fb88db732603d4472f/notebooks/analysis-over-matches.ipynb,'cells'
../reproducibility-notebooks/00/fe5e4b1ce1280f67d727fb88db732603d4472f/notebooks/league_02_CrystalPalace.ipynb,'cells'
../reproducibility-notebooks/00/fe5e4b1ce1280f67d727fb88db732603d4472f/notebooks/League_05_Burnley.ipynb,'cells'
../reproducibility-notebooks/00/fe5e4b1ce1280f67d727fb88db732603d4472f/notebooks/League_03_Aresenal.ipynb,'cells'
../reproducibility-notebooks/00/fe5e4b1ce1280f67d727fb88db732603d4472f/notebooks/League_06_Leicester.ipynb,'cells'
../reproducibility-notebooks/00/fe5e4b1ce1280f67d727fb88db732603d4472f/notebooks/CL_03_sevilla.ipynb,'cells'
../reproducibility-notebooks/00/fe5e4b1ce1280f67d727fb88db732603d4472f/notebooks/CLq_01_Hoffenheim.ipynb,'cells'
../reproducibility-notebooks/00/2022f5d3416c9b742dd24ed1c60d349b2b6cfe/Topic Modeling/Supervised Topic Modeling/Topic Model.ipynb,'cells'
../reproducibility-notebooks/00/2022f5d3416c9b742dd24ed1c60d349b2b6cfe/Topic Modeling/City Vibes-Hashtag Topic Model/Topic Model.ipynb,'cells'
../reproducibility-notebooks/00/ca4616e86b73664ed879f8aabd51060957fe72/Lab 1.ipynb,'cells'
../reproducibility-notebooks/00/abc757cfb8997912af92ea405b565982a97897/exercises.ipynb,"'execution_count' is a required property

Failed validating 'required' in execute_result:

On instance['cells'][4]['outputs'][1]:
{'data': {'text/html': '<img '
                       'src=""data:image/png;base64,iVBORw0KGgoAAAANSUhEUgAAA8AAAAKA...',
          'text/plain': '<IPython.core.display.HTML object>'},
 'metadata': {},
 'output_type': 'execute_result'}"
../reproducibility-notebooks/00/0d0e5454f7cd32d8bb1307c56d774fc58bc7f7/ml/ml_algs.ipynb,"Notebook does not appear to be JSON: '{\n ""cells"": [\n  {\n   ""cell_type"": ""c..."
../reproducibility-notebooks/00/08998163f29826081bb15dc02c4907c4984725/Untitled0.ipynb,'cells'
../reproducibility-notebooks/00/e5b92c829aacb671cabc625bc22786b3c685a5/part_2.ipynb,'cells'
../reproducibility-notebooks/00/e5b92c829aacb671cabc625bc22786b3c685a5/deficiencies.ipynb,'cells'
../reproducibility-notebooks/00/e5b92c829aacb671cabc625bc22786b3c685a5/part 1 linear methods.ipynb,'cells'
../reproducibility-notebooks/00/e5b92c829aacb671cabc625bc22786b3c685a5/Ransac.ipynb,'cells'
../reproducibility-notebooks/00/e5b92c829aacb671cabc625bc22786b3c685a5/denoise_experiments.ipynb,'cells'
../reproducibility-notebooks/00/e5b92c829aacb671cabc625bc22786b3c685a5/fourier.ipynb,'cells'
../reproducibility-notebooks/00/e5b92c829aacb671cabc625bc22786b3c685a5/neural_networks.ipynb,'cells'
../reproducibility-notebooks/00/a036171d1cab8bdc40a0f7acee2566a49d6e36/assignment1/assignment1_notebook.ipynb,"Notebook does not appear to be JSON: '{\n ""cells"": [\n  {\n   ""cell_type"": ""c..."
../reproducibility-notebooks/00/6e12f1d9156d6c46fa6b92fd563350a371fdbf/1-notmnist.ipynb,"unindent does not match any outer indentation level (<tokenize>, line 50)"
../reproducibility-notebooks/00/c9e374f564c32f24546dc0503da36ae3752c9f/cnrm_phase_bug.ipynb,'cells'
../reproducibility-notebooks/00/5855a4960d19e9604a98a15a18ea3842897473/edx - Introduction to Big Data with Apache Spark/lab3_text_analysis_and_entity_resolution_student.ipynb,"unindent does not match any outer indentation level (<tokenize>, line 10)"
../reproducibility-notebooks/00/9f3f2c1a7ea77935e0529a7acd6bc6d3b4d11c/11-note.ipynb,"unindent does not match any outer indentation level (<tokenize>, line 6)"
../reproducibility-notebooks/00/9f3f2c1a7ea77935e0529a7acd6bc6d3b4d11c/.ipynb_checkpoints/11-note-checkpoint.ipynb,"unindent does not match any outer indentation level (<tokenize>, line 6)"
../reproducibility-notebooks/00/75359121a3227d32a7695d15eaf682173352ba/HW6-Transfer-Learning/mnist_transfer_learningskeleton.ipynb,"'execution_count' is a required property

Failed validating 'required' in execute_result:

On instance['cells'][23]['outputs'][0]:
{'data': {'text/html': '\n'
                       '        <iframe seamless '
                       'style=""width:1200px;height:620px;borde...',
          'text/plain': '<IPython.core.display.HTML object>'},
 'metadata': {},
 'output_type': 'execute_result'}"
../reproducibility-notebooks/00/986e225177abd69b90c9419edd7aa585ac9859/notebook.ipynb,"Notebook does not appear to be JSON: '{\n<<<<<<< HEAD\n ""cells"": [\n  {\n   ""..."
../reproducibility-notebooks/00/e0371701a863be93f63bc71d11513b8c377b8f/my first notebook.ipynb,"Notebook does not appear to be JSON: '\n\n\n\n<!DOCTYPE html>\n<html lang=""en..."
../reproducibility-notebooks/00/93b9698a13ade3a43d824d34092143eac82ac3/text_prep/speech_extract.ipynb,'cells'
../reproducibility-notebooks/00/3bbf9ea09d8d67a51bea1d7d30d6a173422496/Assignments/Assignment-4/data_process.ipynb,"unindent does not match any outer indentation level (<tokenize>, line 25)"
../reproducibility-notebooks/00/3bbf9ea09d8d67a51bea1d7d30d6a173422496/Assignments/Assignment-4/.ipynb_checkpoints/data_process-checkpoint.ipynb,"unindent does not match any outer indentation level (<tokenize>, line 25)"
../reproducibility-notebooks/00/9cbd52c93970424320dd330865e9478c68a75e/src/mendelbrot_set.ipynb,"Notebook does not appear to be JSON: ""import numpy\nimport matplotlib.pyplot ..."
../reproducibility-notebooks/00/9cbd52c93970424320dd330865e9478c68a75e/src/julia_set.ipynb,Notebook does not appear to be JSON: '#### plot julia set\nimport numpy\nimpo...
../reproducibility-notebooks/00/9a5e7d8e3a57948e6f7d725bfefdffcee6d402/Main.ipynb,Notebook does not appear to be JSON: '\n\n\n\n\n\n<!DOCTYPE html>\n<html lang...
../reproducibility-notebooks/00/1c8e1931830ea882d5b5e082bd62e1e167d418/get SR IDs.ipynb,'cells'
../reproducibility-notebooks/00/1c8e1931830ea882d5b5e082bd62e1e167d418/NWA-SR-process-0.2.ipynb,'cells'
../reproducibility-notebooks/00/1c8e1931830ea882d5b5e082bd62e1e167d418/NWA-SR-process-0.1.ipynb,'cells'
../reproducibility-notebooks/00/1c8e1931830ea882d5b5e082bd62e1e167d418/Authentication test.ipynb,'cells'
../reproducibility-notebooks/00/1c8e1931830ea882d5b5e082bd62e1e167d418/NWA-SR-process-0.3.ipynb,'cells'
../reproducibility-notebooks/00/1c8e1931830ea882d5b5e082bd62e1e167d418/NWA-SR-streamlined-0.2-dev.ipynb,'cells'
../reproducibility-notebooks/00/1c8e1931830ea882d5b5e082bd62e1e167d418/.ipynb_checkpoints/Authentication test-checkpoint.ipynb,'cells'
../reproducibility-notebooks/00/1c8e1931830ea882d5b5e082bd62e1e167d418/.ipynb_checkpoints/NWA-SR-process-0.1-checkpoint.ipynb,'cells'
../reproducibility-notebooks/00/1c8e1931830ea882d5b5e082bd62e1e167d418/.ipynb_checkpoints/NWA-SR-streamlined-0.2-dev-checkpoint.ipynb,'cells'
../reproducibility-notebooks/00/1c8e1931830ea882d5b5e082bd62e1e167d418/.ipynb_checkpoints/NWA-SR-process-0.3-checkpoint.ipynb,'cells'
../reproducibility-notebooks/00/1c8e1931830ea882d5b5e082bd62e1e167d418/.ipynb_checkpoints/get SR IDs-checkpoint.ipynb,'cells'
../reproducibility-notebooks/00/1c8e1931830ea882d5b5e082bd62e1e167d418/.ipynb_checkpoints/NWA-SR-process-0.2-checkpoint.ipynb,'cells'
../reproducibility-notebooks/00/529d56ffe67c9cdc0d3a09d7a26dc6d3d9cad2/Graded_assignment_2.ipynb,"unindent does not match any outer indentation level (<tokenize>, line 3)"
../reproducibility-notebooks/00/0216399cb9324ca123e81d3667147e3aa597d8/homework/mynotebooksolutions.ipynb,Notebook does not appear to be JSON: ''
../reproducibility-notebooks/00/8c99b7d05fdcb3b8ebe756467e8c57e0bfaf82/hw1.ipynb,"Notebook does not appear to be JSON: '{\n ""cells"": [\n  {\n   ""cell_type"": ""m..."
../reproducibility-notebooks/00/8f1d00f27a2ac445b64e8c755c9fb26d48bac7/upside/UpsideReport.ipynb,"{'cell_type': 'heading', 'metadata': {}, 'level': 3, 'source': 'Data Science Interview Task'} is not valid under any of the given schemas

Failed validating 'oneOf' in heading_cell['properties']['cells']['items']:

On instance['cells'][0]:
{'cell_type': 'heading',
 'level': 3,
 'metadata': {},
 'source': 'Data Science Interview Task'}"
../reproducibility-notebooks/00/ef821e6aee4eaaec4d5fa3e287b7e6ee6ead55/StoringenAnalyse_03.ipynb,"Notebook does not appear to be JSON: '{\n ""cells"": [\n  {\n   ""cell_type"": ""c..."
../reproducibility-notebooks/00/7f1a1efca3c0e0f9dd3d179c7ec835518d1e87/web_crawler/chinatimes.ipynb,'cells'
../reproducibility-notebooks/00/7f1a1efca3c0e0f9dd3d179c7ec835518d1e87/web_crawler/appledaily.ipynb,'cells'
../reproducibility-notebooks/00/7e3bb498c807ffd572a43461b6bfc78b9ce97d/src/Python Utilities/Python Widgets/.ipynb_checkpoints/Events-checkpoint.ipynb,'cells'
../reproducibility-notebooks/00/0c7bbe52c4cbc332e5d5a796c5f06dd0fd4b4f/scripts/notebooks/parameters_tuning.ipynb,"'*' is not of type 'integer', 'null'

Failed validating 'type' in code_cell['properties']['execution_count']:

On instance['cells'][2]['execution_count']:
'*'"
../reproducibility-notebooks/00/0c7bbe52c4cbc332e5d5a796c5f06dd0fd4b4f/scripts/notebooks/visualize_data.ipynb,'cells'
../reproducibility-notebooks/00/5f99179ff783378a2743ab99d3e8a0407043b4/Sportno plezanje.ipynb,"'outputs' is a required property

Failed validating 'required' in code_cell:

On instance['cells'][42]:
{'cell_type': 'code',
 'metadata': {},
 'source': '#Če za Kamnik rezultat gledamo skupaj dobimo:\n'
           'mesto = 10,9230769...'}"
../reproducibility-notebooks/00/e4fc02afbc99f31be7fffc62c45666191b4eeb/sfrr.ipynb,'cells'
../reproducibility-notebooks/00/e7b1d443c756743b193696bc98d3ae18ba8194/scripts/artificial/run_display.ipynb,"unindent does not match any outer indentation level (<tokenize>, line 26)"
../reproducibility-notebooks/00/da0414bdeb8e9f3558ef1ede30054df40d9616/sandbox/Sum of Gaussian Distributions + noise.ipynb,'cells'
../reproducibility-notebooks/00/da0414bdeb8e9f3558ef1ede30054df40d9616/sandbox/SpaceShuttleBayesFactor.ipynb,'cells'
../reproducibility-notebooks/00/da0414bdeb8e9f3558ef1ede30054df40d9616/sandbox/ABCtests.ipynb,'cells'
../reproducibility-notebooks/00/da0414bdeb8e9f3558ef1ede30054df40d9616/sandbox/CommitDataForChapter1.ipynb,'cells'
../reproducibility-notebooks/00/da0414bdeb8e9f3558ef1ede30054df40d9616/sandbox/GithubUsers.ipynb,'cells'
../reproducibility-notebooks/00/da0414bdeb8e9f3558ef1ede30054df40d9616/sandbox/Chapter10_/More hacking with PyMC.ipynb,'cells'
../reproducibility-notebooks/00/969b706bb1c0624edaff6ab04589796bb86e46/assignment2/layers.ipynb,'cells'
../reproducibility-notebooks/00/969b706bb1c0624edaff6ab04589796bb86e46/assignment2/convnet.ipynb,'cells'
../reproducibility-notebooks/00/969b706bb1c0624edaff6ab04589796bb86e46/assignment2/two_layer_net.ipynb,'cells'
../reproducibility-notebooks/00/12db98d593c772e04fe551d3e3d4de87743a90/08-Milestone Project - 2/02-Milestone Project 2 - Walkthrough Steps Workbook.ipynb,"unindent does not match any outer indentation level (<tokenize>, line 43)"
../reproducibility-notebooks/00/12db98d593c772e04fe551d3e3d4de87743a90/08-Milestone Project - 2/.ipynb_checkpoints/02-Milestone Project 2 - Walkthrough Steps Workbook-checkpoint.ipynb,"unindent does not match any outer indentation level (<tokenize>, line 43)"
../reproducibility-notebooks/00/dab74d99b2fd434dc01ae08ed82a7973ed823e/CMPE_188-Crime_Predictors.ipynb,"Notebook does not appear to be JSON: '{\n ""cells"": [\n  {\n   ""cell_type"": ""m..."
../reproducibility-notebooks/00/fc7cc090eb442812d47d8df15e8f8a7fb07eda/Lab6.ipynb,"unindent does not match any outer indentation level (<tokenize>, line 43)"
../reproducibility-notebooks/00/37f8a7e5914d0d4408a47e37e433f0c138da97/PrisonersDilemma/experiment3/test.ipynb,'cells'
../reproducibility-notebooks/00/37f8a7e5914d0d4408a47e37e433f0c138da97/PrisonersDilemma/experiment3/.ipynb_checkpoints/test-checkpoint.ipynb,'cells'
../reproducibility-notebooks/00/37f8a7e5914d0d4408a47e37e433f0c138da97/PrisonersDilemma/experiment2/test.ipynb,'cells'
../reproducibility-notebooks/00/37f8a7e5914d0d4408a47e37e433f0c138da97/PrisonersDilemma/experiment2/.ipynb_checkpoints/test-checkpoint.ipynb,'cells'
../reproducibility-notebooks/00/388ade0d982838444c9b8cce5733efdd313cd4/P2P-ver2.ipynb,"Notebook does not appear to be JSON: '{\n ""cells"": [\n  {\n   ""cell_type"": ""m..."
../reproducibility-notebooks/00/0e6ee8df314c86e3b6e9a16853b54c50fc1cf1/getting-started-cosmos-sql.ipynb,Notebook does not appear to be JSON: '\n'
../reproducibility-notebooks/00/c2ceb39e5d61c509af011306b26760268b9447/cs110_lab1_power_plant_ml_pipeline.ipynb,"unindent does not match any outer indentation level (<tokenize>, line 4)"
../reproducibility-notebooks/00/85bc5ac4c0c9f4c12c7a353b741260ef65ad43/SequenceModels/week01/Improvise+a+Jazz+Solo+with+an+LSTM+Network+-+v1-myAns.ipynb,"Notebook does not appear to be JSON: '{\n ""cells"": [\n  {\n   ""cell_type"": ""m..."
"../reproducibility-notebooks/00/e03993c5d3d6d822aa5f471eb0ec43da623a7b/Word2Vec, KMeans clustering.ipynb","unindent does not match any outer indentation level (<tokenize>, line 7)"
../reproducibility-notebooks/00/d1aa8f3e06da4d7f414340bc978893ed6661a5/nltk/book/ch07.ipynb,"Notebook does not appear to be JSON: '{\n ""cells"": [\n  {\n   ""cell_type"": ""m..."
../reproducibility-notebooks/00/90cf486403d27a9efb3c31ebe544beea62fb5d/Code/Project-Phase2.ipynb,'cells'
../reproducibility-notebooks/00/84fdcc71a539f8025b114a6ee30bdd634dbbdd/steve/R first look.ipynb,"unindent does not match any outer indentation level (<tokenize>, line 8)"
../reproducibility-notebooks/00/84fdcc71a539f8025b114a6ee30bdd634dbbdd/steve/.ipynb_checkpoints/R first look-checkpoint.ipynb,"unindent does not match any outer indentation level (<tokenize>, line 8)"
../reproducibility-notebooks/00/656db9b01cb28073f4c28856fc9037b5b6ccd2/poi_id.ipynb,"Notebook does not appear to be JSON: '{\n ""cells"": [\n  {\n   ""cell_type"": ""m..."
../reproducibility-notebooks/00/df48dac3be90544b99aa5dc1ef924fab1e8a34/kendrick_mass_filter.ipynb,"unindent does not match any outer indentation level (<tokenize>, line 8)"
../reproducibility-notebooks/00/df48dac3be90544b99aa5dc1ef924fab1e8a34/.ipynb_checkpoints/kendrick_mass_filter-checkpoint.ipynb,"unindent does not match any outer indentation level (<tokenize>, line 8)"
